Max-min Fairness,M?c ??nh
0,0
3.56,3.564
5.9,5.904
8.45,8.46
11.15,11.16
14.38,14.4
17.91,17.892
20.72,20.736
23.51,23.508
27.37,27.36
15.065,15.084
18.31,17.568
22.63,20.88
26.95,24.12
31.27,28.008
35.59,31.392
37.96,35.028
37.005,36.396
22.605,30.168
14.975,16.02
11.42333333,11.124
15.74333333,13.356
20.06333333,15.912
24.12,19.944
24,22.464
45.16,41.076
43.985,42.624
46.0875,45.432
48.2475,43.704
49.865,46.548
38.74,38.664
42.196,38.844
45.314,41.256
47.906,43.236
50.216,45.108
42.30666667,39.528
42.06666667,38.988
43.15,38.736
45.13,40.716
47.29,43.344
40.20714286,38.196
41.66,40.356
40.21428571,41.796
38.17,41.544
33.9175,35.964
34.8175,35.604
38.0575,34.848
41.6075,35.604
44.69625,37.584
42.13,35.568
43.11333333,37.8
44.07,40.536
45.37,40.752
45.90444444,39.852
40.162,36.144
41.047,37.656
43.063,38.412
46.14,39.06
49.224,40.5
52.80636364,42.696
54.86818182,44.388
55.26090909,45.468
55.39181818,46.836
56.60545455,47.052
50.59916667,42.768
49.12583333,41.292
48.16583333,41.472
50.07833333,42.624
52.62666667,43.488
51.23692308,42.876
52.84692308,45.828
53.29,48.276
55.50153846,50.364
57.44615385,51.66
52.39,47.7
49.64571429,46.728
48.58857143,47.232
48.36571429,48.672
47.76785714,49.716
49.28133333,50.04
50.11666667,50.04
50.40933333,51.336
49.62266667,51.48
48.29333333,51.192
43.213125,46.368
41.605625,42.012
41.77625,38.124
44.438125,36.216
44.58352941,35.28
46.91,35.964
47.64647059,36.72
49.31470588,38.304
50.99411765,40.86
52.93470588,42.732
54.31411765,44.352
56.26235294,45.468
57.78588235,45.972
57.97941176,46.188
57.15833333,44.604
59.61277778,46.62
62.39055556,48.78
64.73,51.084
66.41222222,52.452
64.43263158,51.66
66.66421053,53.388
68.01631579,55.692
67.19631579,57.96
65.44947368,60.012
62.65,61.704
60.76,63.756
60.4805,63.936
60.9615,63.144
60.8865,61.452
62.7845,59.616
63.8525,59.58
63.99,59.436
64.194,59.616
63.819,58.392
64.3665,57.168
64.8645,56.844
65.012,59.22
64.9985,61.2
63.924,62.172
64.5555,62.748
64.485,62.604
64.596,62.208
64.907,61.092
65.5675,60.408
60.776,59.76
62.121,60.012
63.561,59.76
62.3705,59.22
62.075,58.716
62.98,59.364
64.172,60.12
65.1815,60.408
66.383,60.48
66.526,60.84
66.427,62.352
67.046,62.82
68.549,55.836
68.802,56.988
69.293,58.14
70.534,59.364
70.828,59.616
71.0185,60.552
71.4015,61.236
71.6795,61.992
72.8295,62.496
72.568,63.036
72.3845,63.828
71.574,64.26
72.105,65.448
71.9035,65.196
72.4795,63.54
72.61,63.72
72.4725,63.504
72.1125,63.648
71.0465,63.216
70.45,62.532
70.6,63.828
71.8455,64.08
71.7725,63.792
70.8055,64.044
70.3735,63.072
70.6735,62.172
70.7455,62.244
70.4125,62.928
69.4145,62.928
69.794,63.504
70.749,64.62
71.4145,64.8
71.291,65.52
67.927,65.232
68.677,64.728
69.685,63.72
70.508,63.756
70.986,64.116
68.5775,63.792
68.037,60.804
68.325,60.696
68.6915,60.12
69.0995,61.164
69.1475,61.812
69.3025,61.668
68.1505,61.02
67.5385,59.04
68.7625,58.32
70.922,59.04
71.587,58.752
71.334,56.88
71.879,58.572
71.9825,60.156
72.145,61.488
72.393,62.856
71.391,63.036
70.1725,63.144
69.4665,62.244
69.2375,62.388
70.275,62.784
70.0915,62.568
69.481,60.48
68.2495,59.148
65.2095,57.456
62.6155,55.836
60.876,55.368
59.258,56.16
55.545,57.384
51.993,57.816
51.123,58.248
51.3895,57.384
51.808,56.772
52.2205,56.016
51.8355,56.196
52.663,56.088
54.319,56.268
55.8585,54.648
56.1375,55.188
55.5965,56.664
55.6685,56.304
54.906,55.296
52.602,56.808
49.353,58.716
48.982,59.688
48.283,59.652
47.4005,59.472
49.459,57.42
50.3475,56.628
50.482,55.728
51.245,53.928
57.648,52.344
59.029,51.66
61.2425,49.212
63.3075,49.068
64.014,49.212
62.0735,48.384
62.968,48.564
63.2,50.112
63.632,51.804
63.972,52.56
64.6575,53.748
65.2025,56.88
63.9315,56.772
65.879,57.132
66.551,58.068
67.1795,58.536
68.333,58.896
69.845,59.76
70.6885,61.308
69.585,62.676
68.9805,63.432
66.4,63.396
63.688,63.144
60.3465,61.92
59.103,57.816
57.3745,55.98
57.8695,54.468
57.598,52.524
56.973,50.868
55.8525,50.652
54.7215,50.4
54.5775,49.752
54.4335,49.248
55.274,47.592
54.626,46.332
55.5445,45.864
57.1555,46.224
58.201,44.856
59.152,44.424
58.673,45.9
58.0445,47.484
56.435,49.536
55.614,51.228
54.9785,52.236
53.423,53.316
51.9425,54.648
52.485,55.26
53.709,57.024
53.332,58.932
55.6865,59.58
56.6165,58.392
57.112,59.04
58.553,59.328
60.457,60.516
60.697,61.776
61.0565,62.82
62.9375,64.152
64.055,65.304
64.4995,66.276
61.213,67.428
61.184,64.98
61.2895,64.764
60.1255,63.396
58.9945,60.516
58.559,59.652
59.156,59.976
59.795,59.256
60.1585,60.696
59.439,61.884
59.1255,63.432
58.4035,64.224
58.7605,64.98
58.1605,65.124
58.153,65.88
58.441,66.456
53.341,66.708
52.7915,65.016
53.11,64.548
53.614,64.44
55.0585,64.332
55.691,63.18
56.4105,62.208
57.0295,61.38
57.4925,58.644
56.8945,56.268
56.4125,54.468
55.286,53.784
53.076,49.14
53.3745,49.356
53.27,50.976
53.9255,52.596
54.2975,54.576
54.576,56.232
55.25,56.808
56.005,56.736
57.8255,56.376
59.4375,56.124
57.9245,56.772
58.8605,57.744
59.329,57.888
58.097,56.52
57.925,54.828
57.1465,54.144
57.4895,55.008
57.2805,52.416
56.6645,52.38
55.9445,52.668
55.625,53.748
55.2915,54.828
51.283,56.484
50.9695,57.852
46.826,56.592
47.114,57.132
46.8055,57.492
46.821,55.152
46.2605,55.62
45.88,55.728
45.612,53.64
42.2365,50.4
41.922,49.536
42.484,45.468
43.079,45.828
43.244,45.504
41.032,44.64
42.1045,44.748
43.4205,43.524
43.8285,41.58
44.3325,41.076
45.146,41.508
44.293,41.112
43.3465,41.04
44.5705,40.968
46.5715,41.112
48.353,40.932
49.9475,41.544
50.9475,41.976
49.5245,41.04
47.3345,41.832
46.0735,42.156
45.5005,42.984
45.259,44.604
45.8185,45.216
46.7985,45.288
49.1095,45.828
50.801,45.468
52.4205,44.064
53.342,43.632
55.1475,40.86
57.273,38.52
58.882,37.98
57.4795,38.268
58.0535,37.764
58.4635,39.564
59.683,41.76
61.0075,43.92
62.585,44.82
64.404,45.18
65.1015,45.216
64.368,46.368
64.209,47.34
64.065,49.068
63.6825,50.832
62.9975,51.912
62.4215,51.66
61.946,50.184
60.303,50.148
58.6415,50.292
57.216,51.516
56.971,49.428
56.086,50.148
54.905,49.932
53.6115,50.076
51.3795,50.832
51.3235,51.696
51.7735,52.452
52.4545,53.532
53.7475,54.252
54.5395,54
55.472,53.604
55.468,54
54.899,53.748
56.175,53.352
54.019,53.892
51.068,53.604
50.061,52.956
49.8765,51.876
49.3185,50.904
46.541,47.196
47.045,47.448
47.966,48.06
48.974,46.944
50.519,47.412
53.111,48.132
55.7615,45.972
56.936,46.296
57.7555,46.404
57.7555,46.872
58.593,46.944
59.745,47.268
59.0645,46.188
58.6475,44.64
59.227,44.64
61.2085,45.54
62.933,44.244
63.614,45.468
64.229,47.34
66.3325,49.752
67.7945,52.524
68.862,54.936
70.806,54.396
72.8385,56.988
72.991,57.78
72.775,58.068
73.495,58.968
74.1,60.588
75.172,62.172
76.9015,64.26
78.6295,65.844
75.879,66.528
76.3185,67.032
75.8915,67.248
74.942,66.924
73.79,63.18
71.9975,62.928
67.2495,62.568
66.081,60.696
65.181,58.644
65.332,56.952
63.8785,56.736
62.0065,57.456
60.838,59.328
59.973,60.912
60.477,62.244
62.3255,63.288
64.127,64.044
65.4465,64.188
64.355,62.28
63.3665,60.372
62.317,59.436
61.5915,59.112
58.8115,59.004
58.077,59.616
58.581,59.148
60.081,59.688
61.305,59.004
62.697,58.356
65.073,53.784
62.0585,54.612
62.327,56.124
57.111,57.24
56.579,54.144
56.5785,54.108
56.704,54.144
58.0985,53.532
59.65,53.424
61.522,52.812
63.183,51.876
63.903,51.336
61.084,52.488
62.281,54.072
63.9075,56.448
65.084,57.888
66.2515,59.508
67.8005,60.696
68.0055,61.776
66.99,61.38
66.2385,60.3
67.533,60.552
68.296,60.408
68.546,61.128
69.3015,59.544
69.4745,60.732
69.0685,60.84
66.3225,60.516
65.3915,60.012
64.976,60.408
64.7405,61.128
64.391,62.424
63.258,58.356
62.737,58.968
62.2735,60.804
60.601,62.748
59.446,64.476
57.164,62.64
56.108,63.936
54.7245,65.268
54.2305,65.376
53.837,65.844
55.7575,66.924
56.858,68.58
56.3505,70.236
53.5235,72.288
52.488,72.972
52.55,73.62
52.692,72.612
51.9525,70.128
53.8965,67.572
55.8565,66.24
57.3755,64.404
56.4185,64.008
56.4185,64.692
55.9205,64.692
56.096,63.684
56.748,62.82
57.1005,61.416
56.449,58.752
55.5235,57.276
54.543,57.132
52.912,56.52
53.5055,56.772
54.4205,57.024
52.7735,57.132
51.762,56.232
53.4865,56.052
53.901,56.196
53.685,57.312
55.408,58.356
57.0455,57.564
57.35,58.356
58.79,60.444
60.2195,58.68
61.0225,60.156
61.5265,60.912
63.4115,61.272
63.2765,57.492
63.1035,55.944
60.4815,56.304
61.7055,55.62
62.935,54.36
63.9715,54.144
64.3725,53.784
64.7525,53.316
65.0025,53.424
65.899,55.332
67.027,57.024
67.139,58.068
65.9395,57.78
63.9005,56.304
66.5155,55.98
65.557,55.584
66.534,55.548
67.1315,55.476
68.1395,55.188
67.6985,54.54
63.036,54.54
61.153,53.136
60.289,51.372
60.361,49.788
60.2545,49.068
60.8305,46.296
62.0545,45.432
63.638,45.36
64.646,44.316
65.809,44.136
67.7435,45.036
68.8665,46.332
68.5915,48.24
67.538,50.004
65.623,51.012
63.7,51.948
63.289,53.748
62.688,55.044
62.2195,56.88
61.4995,57.168
62.6825,55.872
64.355,54.9
64.54,54.396
64.2295,54.792
64.679,54.936
64.0015,55.62
60.7555,56.952
60.6485,57.996
61.0605,58.968
63.8455,59.796
66.328,59.976
67.742,58.392
67.176,56.736
66.674,56.088
67.02,56.088
67.4765,56.268
67.5465,54.936
64.3575,59.076
62.3385,59.76
61.9785,61.236
61.53,60.084
60.666,61.74
60.9235,61.596
60.9585,61.956
60.9805,61.704
61.2665,60.876
62.206,59.796
61.013,57.996
61.0845,56.7
61.7755,55.152
62.1355,53.388
61.411,54.432
60.7505,58.176
58.907,59.292
56.38,60.192
52.8365,58.32
49.5575,59.184
46.4255,60.084
45.483,60.012
45.571,61.56
46.6315,63.252
49.3895,64.656
51.312,65.592
50.438,65.268
52.404,64.728
54.9345,65.484
56.6915,66.204
57.6275,66.528
58.5635,65.592
59.4995,64.656
59.3765,63.828
58.008,63.756
57.792,64.8
58.9155,65.412
60.5285,65.124
61.2295,63.9
61.5675,64.332
61.334,64.692
58.753,64.44
60.481,65.196
61.2885,64.98
59.591,64.08
59.3195,63.648
60.814,58.536
59.4125,57.888
59.7255,57.42
59.466,56.736
58.622,58.5
58.2795,59.4
58.0825,59.292
59.276,60.444
60.5505,61.524
60.5855,61.452
62.567,61.056
64.137,60.336
64.4505,58.788
65.2035,57.564
66.9625,55.44
67.086,55.692
67.7165,55.296
68.453,57.024
65.1015,57.6
63.5275,58.176
62.1595,57.96
60.539,56.916
58.9165,55.332
58.36,54.612
58.6545,55.26
56.8705,56.016
52.441,55.836
51.8715,56.268
50.1825,55.62
47.5055,53.064
46.431,52.632
45.8355,50.256
44.8895,50.364
43.8625,50.688
44.3665,52.488
45.6715,53.172
44.214,54.468
45.7385,54.828
48.706,55.26
50.146,56.232
51.802,56.592
53.258,56.772
54.5195,56.52
55.9155,54.9
56.9235,53.892
58.8675,52.704
59.735,50.364
60.239,51.876
62.297,53.604
63.642,54.864
65.6075,53.028
66.898,52.524
67.9015,52.56
68.146,51.192
67.915,49.716
67.04,44.964
66.464,46.836
66.3855,47.952
67.1975,49.428
66.421,51.696
66.839,52.236
64.2585,53.388
64.8465,54.36
61.206,53.676
63.0045,53.064
64.547,53.136
66.1505,50.832
65.9485,51.876
64.284,52.128
62.196,52.632
61.25,52.524
60.678,52.74
57.741,54.18
58.753,54.936
58.9475,55.548
59.8835,57.096
60.7795,58.644
62.2185,59.868
64.5235,60.876
66.0975,60.948
61.2475,60.624
59.5355,60.012
54.5155,59.472
52.279,58.896
51.881,57.276
53.1315,55.62
54.1055,55.224
54.364,53.856
53.711,53.136
52.6645,52.956
54.1015,52.524
53.8825,52.92
54.9325,53.676
52.423,52.668
51.639,54.18
53.041,50.4
53.7615,52.38
55.4475,54.504
57.094,55.872
59.254,57.564
55.966,59.112
56.369,61.488
55.001,63.072
55.7665,63.972
56.5695,64.224
57.0735,64.008
59.487,63.072
61.8225,61.38
63.6465,60.516
64.4385,60.012
66.1665,60.66
67.346,61.452
67.2665,62.352
66.322,63.648
66.811,59.184
65.4835,58.176
63.9985,58.428
61.927,57.852
59.02,58.068
54.3715,57.708
52.422,57.78
49.226,58.392
49.7525,60.3
50.6525,61.92
50.8685,62.964
52.08,61.02
53.52,60.624
56.3585,59.94
57.2555,58.716
56.1175,57.78
55.382,58.104
55.4305,55.692
54.948,56.016
55.576,56.808
56.152,57.348
57.4295,57.24
58.369,53.784
59.1875,53.316
59.776,51.984
60.147,50.616
59.687,49.716
59.7355,47.952
59.643,49.248
57.3965,50.148
55.175,47.664
50.2255,46.368
45.166,46.764
42.495,48.456
43.503,50.292
45.879,50.832
46.955,51.408
47.675,51.012
48.692,49.86
49.682,49.968
50.533,50.832
51.511,51.264
53.6565,51.804
55.7245,51.768
57.6685,54.036
58.9635,56.268
60.302,58.248
61.0755,58.5
62.8035,57.312
64.4305,57.6
65.3025,57.996
64.228,58.104
60.7075,54.612
59.1495,52.704
57.2735,51.984
55.9745,51.588
56.193,51.012
56.621,51.804
56.909,53.28
55.6475,54.216
56.591,55.224
57.5845,56.664
57.8055,57.78
56.8685,58.86
56.261,57.888
55.0305,54.576
53.674,50.472
47.2015,47.916
45.8675,47.304
47.101,48.816
48.6725,50.04
49.577,50.4
50.713,51.228
52.8725,50.544
55.021,51.66
52.6135,53.1
54.2695,53.748
55.925,55.008
57.365,55.908
58.323,57.456
59.621,58.572
59.927,58.356
59.535,57.816
59.607,58.14
59.2265,58.14
58.781,55.764
59.232,55.692
58.873,48.42
58.271,49.608
59.063,43.668
60.2995,44.28
59.2585,44.928
60.121,46.584
60.342,47.412
60.282,46.584
57.3715,46.836
55.4915,47.124
55.8415,48.816
56.698,50.112
57.0435,49.608
57.1595,52.2
58.972,54.504
61.018,56.196
60.2575,56.088
61.1435,56.484
61.3965,56.592
61.2525,56.736
61.006,57.672
60.215,58.32
59.605,59.256
60.382,60.048
61.3105,59.22
61.569,58.824
61.137,57.564
60.66,56.412
59.5305,55.296
57.799,54.72
56.647,55.008
56.597,55.296
57.443,53.712
58.5295,54.936
59.2545,55.08
58.0605,54.828
56.582,55.44
56.2,55.44
55.385,56.448
55.9785,57.528
54.673,59.04
56.631,55.332
58.575,55.764
60.2595,55.584
61.7615,51.372
63.141,51.048
64.376,50.328
65.032,50.4
64.671,51.84
63.6625,53.82
59.856,55.512
58.614,55.836
58.554,55.512
58.416,55.512
58.385,56.052
58.889,57.672
59.2495,58.824
59.25,60.012
58.8335,60.804
56.2435,60.156
56.9165,60.264
58.2615,60.3
59.1975,60.228
60.1335,58.896
61.7705,59.292
61.7405,59.148
61.179,60.804
60.9665,62.928
60.004,61.092
59.274,60.624
59.7225,61.884
59.427,62.136
58.9825,61.164
54.9185,59.688
55.926,58.788
56.637,57.384
57.1835,56.34
57.3665,55.044
59.0705,53.424
55.7875,53.244
54.9165,54
53.7695,54.252
54.448,55.332
54.8655,55.908
54.7455,54.936
53.27,55.188
51.709,54.468
51.421,53.928
51.9525,54.144
52.9485,53.244
54.8615,53.532
53.875,53.316
54.746,53.28
55.466,50.472
57.6145,50.616
59.9905,50.472
61.6145,50.76
62.8875,51.516
62.5565,53.028
63.495,55.116
64.1305,57.096
64.2855,59.076
63.81,60.84
63.0725,62.172
62.6405,61.38
63.1775,62.1
64.6895,62.532
66.4055,62.424
67.9175,62.352
69.154,62.712
69.4735,62.748
69.8745,61.524
67.3325,59.904
58.444,58.284
57.4925,56.412
59.0445,52.992
59.946,51.336
60.3155,48.528
59.3605,45.324
57.6325,43.056
56.5275,39.024
56.0955,36.288
54.9,36.108
57.1675,34.812
59.1835,34.164
61.7755,35.676
64.165,35.928
65.9655,37.548
66.4515,39.348
66.6545,40.5
67.6625,41.976
68.8865,42.3
69.131,42.912
68.699,44.208
69.939,44.676
71.231,44.424
73.391,44.46
74.3865,46.296
71.962,48.636
70.382,48.564
67.3915,50.976
60.917,53.208
58.638,55.26
56.035,57.168
53.093,54.288
52.949,55.908
53.8365,56.556
55.342,53.028
58.366,52.452
61.255,52.56
63.883,52.704
66.67,52.524
68.4705,51.66
68.686,51.516
68.9705,52.308
68.9505,52.74
67.2005,52.272
64.8285,52.488
62.9645,53.712
61.1215,54.684
59.3445,56.196
59.622,57.24
59.764,58.608
59.992,55.692
60.1385,56.88
59.312,57.78
59.4515,58.356
52.162,55.836
51.9645,56.7
51.463,58.5
51.237,60.624
51.4545,61.92
49.989,63.18
48.9,64.476
48.038,65.628
47.779,66.672
48.931,66.996
50.186,66.78
51.778,66.528
52.714,66.636
54.2375,65.88
55.4625,67.14
56.225,67.176
57.3705,68.076
57.4425,69.228
58.2045,69.696
58.0605,64.224
58.1005,65.376
58.1235,65.124
56.302,63.468
55.222,62.82
54.695,62.928
52.956,60.732
51.204,61.596
50.133,63.324
49.604,65.232
50.939,66.708
53.099,67.896
55.237,68.256
57.181,67.284
56.482,65.916
58.1685,63.792
59.426,61.596
59.282,59.22
58.999,59.4
58.639,58.788
58.272,57.924
56.5195,58.032
54.829,59.22
52.677,55.476
52.498,56.232
52.354,56.16
50.986,56.304
51.737,55.62
50.578,56.268
50.794,57.888
50.574,57.708
51.8815,57.852
52.5935,55.548
52.8095,55.692
53.9045,55.944
55.271,57.312
57.598,58.644
59.254,59.364
60.44,61.02
61.0775,62.208
62.6865,58.284
62.4435,58.824
63.218,58.932
64.1995,59.436
65.789,59.544
63.5175,60.336
65.4505,58.068
63.115,56.304
63.0065,55.116
61.1935,54.396
61.0805,53.676
60.358,54.432
60.995,54.936
61.8525,54.432
56.34,53.172
55.0325,53.064
53.78,52.596
51.159,53.064
50.654,53.748
50.078,54.036
48.926,53.82
49.766,54.108
48.248,52.56
50.031,52.344
52.376,51.444
54.752,51.336
55.823,50.616
57.3305,50.904
57.935,51.336
55.2205,52.056
54.3565,51.3
53.2555,49.788
52.3275,49.608
49.835,50.148
48.0235,51.156
48.7035,52.56
45.3905,54.324
45.9215,55.62
47.1305,55.548
48.2685,56.124
49.601,57.42
49.6715,58.428
50.032,58.716
51.2185,57.996
53.031,57.708
54.471,57.312
56.422,57.312
58.382,57.132
60.2595,57.312
61.3615,58.572
61.9265,59.544
60.877,59.076
58.6735,59.976
56.05,60.048
55.642,58.428
55.447,59.22
55.9185,59.868
56.987,60.696
57.1015,61.272
56.955,62.244
55.6505,63.324
52.2375,63.828
51.076,63.144
50.2775,62.712
50.8675,63.288
52.3815,64.8
51.3585,65.988
52.8675,65.376
56.1365,59.256
58.9305,58.392
59.79,57.888
59.277,57.744
55.9465,57.276
54.4135,57.06
51.3715,54.756
49.069,53.532
49.1735,51.588
50.4875,49.212
51.974,48.456
53.768,47.916
54.997,47.448
55.8245,45.9
56.687,45.864
57.673,46.332
59.6265,47.556
61.916,48.24
63.9035,50.04
66.3905,51.588
68.339,51.696
69.779,49.176
70.932,48.672
71.724,43.632
72.746,43.848
73.726,44.388
73.872,44.928
73.3265,45
69.385,45.936
67.257,46.26
65.6575,47.448
63.689,48.708
62.609,47.988
61.529,49.572
61.4985,50.94
62.0125,52.668
62.642,53.208
62.93,53.28
63.535,53.496
64.039,53.388
65.479,47.844
66.8215,48.96
66.9265,50.436
67.2145,51.192
67.9115,51.84
68.4155,51.804
62.5205,51.984
65.015,51.948
66.8175,51.192
67.2575,50.58
66.3495,49.86
64.515,49.212
64.299,48.78
63.746,49.032
62.607,44.316
62.3535,45.108
62.656,44.568
61.275,44.856
60.2385,45.648
61.6785,45.468
61.8535,45
60.9395,45.648
57.977,45.216
57.249,45.612
57.585,47.7
58.157,48.42
58.7425,47.808
59.539,48.672
59.7085,49.284
59.7605,46.836
57.7115,46.224
52.587,47.772
50.283,49.392
46.685,50.796
46.2155,52.416
46.2155,54
47.526,54.504
49.1565,55.116
50.24,53.676
51.481,52.344
52.4605,51.408
49.0045,51.588
48.785,50.292
47.6045,49.644
46.72,50.4
46.2705,51.732
43.845,53.748
44.951,54.792
46.141,56.124
47.8975,56.916
47.9895,57.672
49.721,58.572
52.0045,59.868
53.917,61.056
55.546,61.992
56.482,63.036
54.835,64.908
54.835,65.664
56.491,65.988
58.2595,64.656
60.5635,61.056
62.668,59.544
64.6555,58.5
67.218,58.896
68.1985,59.796
66.801,59.724
66.8795,61.632
67.2715,63.504
67.7555,65.7
67.5935,67.104
68.1695,66.96
68.833,63.396
67.629,61.524
62.142,60.588
59.07,59.436
57.774,58.032
56.74,58.572
55.941,58.968
56.0285,59.688
56.8175,60.948
58.032,61.128
57.8165,62.496
57.7255,63.72
57.6305,64.584
57.3925,64.548
57.0095,63.684
56.3865,63.612
57.2545,64.296
57.8055,64.368
58.0475,63.252
57.966,61.164
57.7525,57.456
56.733,53.496
56.293,51.012
56.9285,49.032
57.0405,48.816
56.785,49.788
56.711,47.952
56.8955,48.6
57.5105,49.968
57.4055,51.264
53.916,50.688
54.672,47.196
55.656,46.404
56.4715,47.16
58.6045,47.628
59.558,48.852
59.232,50.4
58.3615,51.372
57.2095,52.308
56.585,53.496
58.0905,54.18
60.6815,53.568
62.2465,55.368
62.7325,57.276
61.1625,59.04
58.3335,61.488
59.487,62.928
61.5585,63.108
62.8815,63.108
63.905,62.1
62.585,61.056
61.3285,62.604
62.3015,64.044
61.6495,66.06
61.2765,65.124
62.1445,65.916
63.326,66.708
64.53,62.46
64.8875,63.792
63.8105,64.368
62.863,65.124
62.705,64.584
58.8045,61.992
58.521,60.804
58.5115,59.4
57.778,56.916
57.1975,56.232
57.072,55.8
55.666,56.7
56.012,58.464
55.3355,59.256
57.097,60.516
57.9525,62.172
56.9065,64.26
57.032,65.7
57.4035,64.62
58.115,64.44
58.496,64.152
59.223,63.504
59.6965,61.308
58.8515,59.688
58.2635,58.752
58.919,57.924
59.3145,58.896
57.855,56.052
59.295,57.96
61.099,57.24
62.2075,55.548
62.6645,52.884
62.848,51.048
63.1395,49.788
63.485,47.844
62.998,46.44
61.4155,44.856
57.819,44.064
56.451,44.892
55.1145,45.108
56.724,46.188
53.2,47.16
54.5825,47.376
56.9585,47.736
58.758,47.736
59.9375,48.492
60.2705,48.132
57.1645,48.276
57.5885,48.096
57.274,46.908
57.444,46.08
58.5155,44.82
59.9585,44.532
60.9665,43.812
62.1865,44.496
63.5345,45.288
65.065,46.728
66.4415,48.708
66.797,49.212
65.7115,50.148
64.2615,51.912
62.1445,53.064
58.083,53.712
56.2395,54.216
55.328,54
54.0405,54.072
52.6605,54.18
52.0685,54.54
52.3955,54
51.4795,54.72
51.522,54.252
50.661,53.172
51.237,52.632
52.029,52.956
52.196,53.172
51.8195,54.252
52.5565,54.216
52.4575,54.9
49.2055,55.584
46.1815,55.08
39.22,53.748
39.856,51.84
38.195,50.688
39.347,48.492
40.3065,45.216
40.591,44.712
43.0685,45.108
46.3085,44.568
49.4255,43.524
48.6275,44.532
47.4665,44.46
46.7925,44.568
47.2175,46.26
46.4295,47.664
46.585,50.472
47.3175,51.948
48.1955,53.82
48.9745,52.236
50.351,52.668
52.0405,54.288
53.09,55.296
53.306,57.096
54.7385,57.888
55.019,59.148
55.3185,60.372
55.2115,60.84
56.8675,61.056
59.4085,60.516
62.0005,59.004
64.0275,58.32
65.211,57.96
60.258,58.284
61.5255,58.212
61.7745,57.6
60.583,57.78
59.9295,57.636
58.061,56.808
54.542,56.52
54.986,57.492
55.561,57.78
56.1745,58.392
56.6785,58.896
54.6105,59.148
54.7085,58.032
55.2125,55.872
53.8125,55.116
54.198,53.784
54.198,53.352
56.485,56.376
57.835,56.628
58.1595,56.592
58.1275,56.484
57.253,53.64
56.312,53.064
55.898,53.64
54.746,54.756
54.8415,50.544
56.508,50.796
57.4825,49.788
57.4365,49.752
60.0285,49.068
62.4755,48.24
64.901,48.024
67.173,48.492
69.511,50.04
71.706,51.804
73.1535,51.948
73.308,52.632
72.659,53.244
69.0965,54
68.4395,53.568
67.954,53.208
65.0795,52.704
63.0115,52.632
59.279,52.668
58.5665,52.38
58.659,51.408
59.4725,50.256
59.666,51.444
60.386,51.66
61.1005,50.688
60.646,49.752
60.0095,49.068
61.3505,45.36
63.0785,45.288
65.0225,43.344
66.7045,42.192
68.011,40.284
68.587,39.852
69.158,41.688
69.518,43.704
70.083,45.468
70.443,46.692
67.687,47.34
66.823,48.888
64.222,49.068
63.887,47.628
62.3565,48.204
59.4955,48.672
58.904,49.392
58.6475,51.12
58.2065,52.056
56.487,52.884
56.559,53.28
56.5945,52.992
56.2,52.164
56.272,53.388
57.3025,55.08
57.1985,56.952
55.522,58.644
52.328,59.58
49.886,59.724
48.2975,59.184
48.445,58.5
49.381,57.708
51.6755,58.104
51.8905,59.004
51.6335,59.904
52.993,61.416
54.447,60.264
55.7345,59.76
57.559,57.6
61.6495,56.016
63.5215,49.896
64.913,49.824
66.49,50.076
66.115,50.472
66.127,50.688
66.056,51.408
66.795,51.768
67.794,52.596
69.1405,53.496
69.5345,54.432
70.215,56.268
70.8575,58.68
70.839,59.58
71.273,60.12
72.1595,60.012
72.8315,60.444
70.363,61.308
70.363,61.992
70.855,60.516
70.312,61.128
69.5695,61.452
68.288,62.244
67.64,63
67.7435,63.612
67.0955,61.668
66.2,61.992
66.281,61.092
66.2035,60.156
66.41,58.392
65.724,55.584
65.223,53.676
66.034,52.56
66.1345,50.292
65.747,50.976
65.1335,51.372
63.3715,51.228
59.8435,50.328
56.7265,48.996
54.164,48.168
53.2155,48.348
53.822,48.384
55.0895,48.204
57.0815,48.42
57.79,49.536
57.8665,48.348
59.8725,48.276
60.5285,47.88
61.593,47.088
63.495,45.828
64.977,43.74
65.697,41.652
66.498,41.364
68.5135,41.724
69.7235,43.308
70.9475,45.036
71.716,46.26
71.1525,47.376
70.396,47.052
70.7085,49.32
72.028,51.696
71.9735,53.784
71.912,56.016
72.012,54.972
72.6415,55.512
73.0455,56.124
74.3415,57.348
74.9865,58.356
75.239,58.788
75.815,60.408
75.659,64.332
74.088,65.556
72.288,66.636
71.208,67.68
70.0495,68.94
68.9695,69.768
69.4965,71.136
69.4065,72.756
69.9825,73.584
70.8705,73.908
70.676,72.504
70.618,70.452
70.042,68.508
68.007,65.088
66.3145,59.76
65.904,56.016
66.824,52.2
68.0045,49.464
69.2285,47.916
70.4525,47.088
72.438,47.736
72.149,48.312
72.437,49.14
72.71,49.464
72.2835,49.932
69.6645,50.508
65.836,52.2
62.026,53.172
58.3765,54.54
54.66,56.088
51.0415,57.528
48.373,57.852
46.859,56.772
45.421,55.548
45.342,55.98
45.8395,56.34
45.569,56.988
47.2105,57.672
49.0515,58.788
49.499,59.04
50.15,59.508
50.6825,59.868
51.1465,57.852
51.5495,58.608
50.584,59.364
52.1525,60.912
53.6685,61.02
55.153,61.38
56.4475,60.084
55.3295,60.48
55.371,60.264
55.606,60.444
55.452,58.932
55.604,57.672
56.114,57.888
57.0085,57.708
58.3375,58.86
58.0685,59.76
58.5725,60.192
58.23,59.94
58.1865,59.148
59.356,59.22
55.857,58.176
55.8145,57.384
54.1635,57.096
52.6875,58.536
52.7575,59.22
52.9245,58.788
55.092,58.896
57.305,60.336
59.25,61.236
61.2345,62.496
61.416,63.828
60.2035,65.124
57.049,66.42
54.3035,66.744
48.7485,65.484
49.4545,64.764
50.919,64.08
51.979,63.972
53.378,63.468
51.6835,61.452
50.289,58.932
48.659,56.772
47.744,55.764
48.4855,55.26
51.0775,54.612
51.7165,55.224
52.98,55.944
53.6405,57.456
54.0725,56.592
54.253,57.456
54.629,57.744
54.6275,58.464
55.117,60.048
55.942,61.848
56.446,62.604
58.102,63.036
60.291,63.108
61.836,63.576
63.4935,64.764
64.756,65.556
65.29,64.944
64.556,64.944
63.4895,64.62
62.488,64.548
60.822,63.648
60.003,62.82
60.795,62.82
61.9685,63.72
63.065,65.196
62.5885,65.7
63.492,66.492
63.2885,67.68
62.6595,68.256
55.9975,69.12
56.619,69.804
56.907,69.228
58.347,69.12
59.3025,68.832
60.6405,66.996
61.867,66.852
61.793,66.852
62.373,67.32
63.351,66.744
58.6835,65.808
57.357,64.512
58.4745,63.432
60.329,62.316
62.273,60.444
63.2205,58.284
62.2305,55.8
62.2085,54.576
60.1685,52.812
59.0875,51.156
58.7665,50.076
58.4065,49.104
58.899,48.348
59.248,48.528
59.0615,49.14
58.112,50.256
59.6865,51.408
58.732,52.704
58.281,51.768
56.4505,50.76
56.049,49.32
56.2955,48.852
53.5015,47.16
54.6705,47.988
56.272,49.644
58.216,49.356
59.043,48.312
59.331,47.952
61.491,45.864
60.0425,45.756
62.0855,45.288
63.609,45.972
64.647,47.592
65.999,49.32
66.689,50.472
66.892,52.812
66.742,53.496
65.6715,52.704
64.019,52.632
61.4115,52.092
58.408,50.868
56.824,50.292
55.8015,49.464
53.937,47.844
52.412,46.584
51.4015,47.448
49.046,46.512
49.982,43.956
50.136,44.352
45.085,44.532
45.5125,44.82
46.2325,43.848
46.721,37.152
47.4155,38.232
49.5755,38.844
51.532,40.14
53.476,42.048
55.301,43.74
56.001,45.288
57.558,47.52
58.1235,48.204
58.3915,48.096
58.4725,48.888
57.896,47.736
57.962,46.152
57.618,44.46
56.799,42.408
55.08,41.148
53.6495,41.22
52.614,41.58
52.213,42.876
51.076,44.568
52.087,46.764
52.2035,48.96
51.9875,48.78
53.0755,49.716
53.4135,48.78
54.5875,48.672
55.0875,48.636
55.518,50.616
55.814,52.38
55.382,53.82
54.983,54.756
54.9365,55.188
53.7795,55.404
51.8145,57.132
51.744,58.356
49.4065,59.112
49.7715,59.904
51.031,60.048
52.179,56.16
53.331,57.096
54.3005,58.14
55.033,58.572
55.9065,59.364
58.0665,61.236
59.3635,62.568
60.431,63.18
62.11,58.176
62.2925,58.248
63.881,58.68
65.27,56.7
63.8065,55.908
64.282,54.612
61.201,53.532
60.916,53.676
61.573,54.54
62.618,55.62
62.5945,55.476
63.4725,53.964
64.1035,51.516
64.018,50.544
64.738,48.744
64.5245,48.132
62.883,49.86
63.171,48.636
64.412,50.508
66.5545,51.804
66.5995,53.964
63.542,58.14
61,59.292
57.989,59.904
54.8025,60.588
52.108,59.4
51.096,57.6
51.377,57.672
50.81,58.5
49.5505,59.724
49.73,60.84
50.3625,61.56
51.046,60.48
51.396,61.128
50.018,60.228
51.5245,61.128
51.139,62.424
51.9615,63.396
52.0985,63.756
54.2585,62.136
55.5585,63.324
54.1955,64.152
55.069,63.18
56.281,64.368
56.523,65.232
57.339,65.088
57.888,63.648
59.1895,62.424
59.892,62.748
56.2225,63.144
57.083,61.812
57.694,60.048
55.2595,59.544
54.5105,59.832
53.196,59.256
49.5775,59.04
50.3895,57.24
51.498,55.332
54.343,49.86
57.587,49.464
60.283,50.292
61.279,49.968
61.458,49.428
63.008,49.104
64.986,50.004
66.026,51.804
66.4385,52.992
65.7155,53.82
64.34,51.984
62.916,51.876
61.321,52.632
60.2645,53.604
59.195,55.368
60.275,56.88
60.9875,58.392
60.2865,59.652
58.948,60.12
56.932,59.724
56.3625,58.752
55.221,58.104
54.9765,57.78
55.7975,56.844
57.1685,56.34
57.875,56.52
58.0595,56.052
56.841,54.504
53.556,54.612
51.264,53.784
52.262,53.028
53.76,52.488
55.416,51.804
55.7235,52.668
49.975,51.516
51.825,50.364
52.899,49.752
54.961,49.968
56.4065,49.752
56.5455,48.636
56.558,48.06
56.554,47.88
58.3755,47.376
60.0315,48.276
62.055,48.996
63.4095,49.464
63.8215,48.924
64.2855,49.68
64.3575,48.636
64.6395,51.12
65.257,53.568
65.1795,55.728
64.432,56.412
63.463,54.108
63.481,52.632
61.897,50.832
63.5875,50.472
65.2875,50.94
67.091,51.372
68.5735,50.94
68.357,48.96
66.81,48.024
66.844,48.384
66.93,47.232
65.643,46.332
64.563,46.512
63.9755,46.26
62.0735,46.692
62.2205,46.908
61.889,48.024
59.792,49.644
60.08,50.616
60.0395,49.86
60.9045,50.76
61.296,51.984
62.549,52.452
63.146,52.488
60.3295,52.02
60.4975,51.012
60.7855,52.452
61.488,53.928
62.421,55.692
62.7915,57.636
63.2505,59.184
63.393,57.816
64.421,57.6
63.7415,56.952
58.089,55.584
54.6135,53.028
54.294,51.876
53.654,50.508
52.432,51.696
52.006,53.352
52.998,54.54
53.5415,55.188
55.3825,55.548
56.84,56.628
56.765,57.672
58.988,59.22
59.4595,60.552
60.333,61.2
60.8675,61.704
59.7205,60.084
57.98,60.444
56.4525,60.3
56.8845,59.292
57.7095,57.492
58.4295,56.7
60.0635,54
60.9995,53.856
62.8715,53.964
64.635,49.788
65.9845,47.844
66.83,47.304
68.014,44.676
68.806,44.532
69.3825,44.784
70.5555,45.972
70.374,46.8
70.244,47.196
69.4955,47.412
68.2415,45.9
67.314,46.656
65.538,46.368
64.0395,45.18
61.9515,45.936
61.7355,46.692
61.471,47.844
61.683,49.212
62.82,50.544
63.2585,50.616
57.613,50.76
55.2215,50.976
55.3865,51.84
56.75,51.948
56.2585,52.704
55.255,52.884
56.793,52.74
58.161,53.28
59.893,54.684
59.62,55.908
55.096,55.764
53.525,52.992
52.366,53.964
50.6785,54.432
50.851,53.856
51.5195,54.936
51.292,56.268
51.872,57.276
53.4085,53.352
54.1765,53.712
55.244,53.964
50.8025,53.064
47.9225,53.028
46.839,52.776
48.9895,52.632
51.4635,53.172
54.66,51.552
57.0805,52.2
58.4325,52.632
59.084,53.64
59.6915,53.784
60.9095,53.64
61.4775,54.144
62.714,54.36
63.8365,53.604
63.496,53.64
60.335,53.82
59.734,53.028
58.9785,53.64
56.544,53.748
55.1575,54.396
56.087,55.692
55.4635,56.196
55.6645,55.944
54.7065,56.916
50.8245,57.852
50.8145,59.004
50.8695,59.94
50.173,60.696
49.606,61.884
49.6545,62.532
44.66,62.64
44.426,61.524
45.65,56.052
47.295,54.828
48.015,53.532
49.974,51.84
52.0905,51.876
53.217,52.344
52.9625,54.504
53.2505,55.908
54.1565,54.864
54.174,53.748
53.667,53.892
53.0535,54.18
54.2685,54.792
54.5565,54.792
55.9395,56.376
56.2165,57.996
56.9325,59.364
56.36,59.976
55.303,60.408
53.7555,60.408
53.113,59.364
53.485,59.832
51.339,60.66
49.7875,61.776
51.8055,61.776
54.3365,61.632
57.1445,61.38
59.7415,61.452
61.928,61.74
63.0045,62.244
64.8075,61.02
66.4385,59.436
66.14,58.86
64.209,57.816
65.68,56.772
65.4335,56.124
65.855,55.944
66.863,54.9
68.1805,52.596
69.9085,50.724
71.1685,49.212
71.6035,48.168
71.07,46.512
69.634,46.692
69.3665,47.664
69.456,48.996
66.848,50.256
63.572,52.236
61.1415,52.56
58.9545,52.992
56.825,52.956
56.263,53.316
53.853,53.64
52.8635,54.828
52.311,56.412
53.031,57.456
53.818,59.004
54.97,60.696
56.087,62.388
56.8155,64.512
57.5355,65.952
58.7525,66.384
59.211,66.492
59.3025,66.348
61.18,66.528
59.904,67.14
59.799,67.212
58.8285,67.356
56.4185,67.572
55.0065,67.68
55.0545,68.256
56.4945,67.896
57.64,66.672
57.856,65.34
57.6805,59.148
60.8355,57.312
59.5955,55.08
59.9345,53.748
61.8065,52.38
63.091,51.552
64.3325,50.22
64.3325,49.572
66.2045,48.528
68.1345,47.412
69.603,44.1
71.979,43.524
73.7125,45.18
74.0435,45.576
73.695,46.368
75.2445,47.088
75.538,46.872
75.612,46.44
76.677,45.432
76.951,44.712
78.503,43.92
79.9245,44.964
80.585,46.404
80.593,45.252
79.754,45.54
77.7435,43.56
75.8095,44.064
73.356,43.848
70.9845,42.768
68.556,42.372
65.8585,42.624
63.041,44.388
60.9805,45.864
60.349,46.296
59.926,44.784
61.536,42.732
61.7725,43.164
61.7725,42.516
62.706,42.948
64.091,43.308
64.936,44.82
64.612,46.224
63.4335,48.024
64.8735,48.024
65.978,48.6
66.8415,48.636
66.4095,47.952
63.9995,49.212
63.776,49.752
64.6315,51.228
64.3585,52.884
64.4305,53.892
65.1245,54.18
66.5645,55.656
67.6965,55.8
67.7685,55.584
68.5595,54.612
68.614,54.648
68.3635,53.856
65.04,53.784
64.3225,55.584
62.8865,57.348
60.8635,58.176
56.7465,58.464
52.93,59.4
50.9395,59.976
48.2585,58.788
46.543,58.392
45.0295,58.608
44.2495,53.532
44.9055,53.424
46.844,53.748
49.755,52.488
51.7345,51.228
53.6865,50.004
55.466,50.328
56.6045,51.588
56.8925,51.192
58.4525,51.408
60.1805,50.76
62.012,50.328
63.6755,49.968
64.6835,49.824
65.3445,51.228
64.678,53.244
63.86,54.828
61.847,54.828
60.381,54.756
58.843,54.756
58.139,55.656
58.499,56.484
59.291,57.672
59.3375,58.86
59.4095,60.516
58.9745,59.868
58.585,59.508
57.505,60.912
56.1025,62.64
53.851,63.54
50.5945,64.188
49.2805,63
48.9485,63.648
48.954,63.864
48.216,62.64
46.0805,61.704
45.807,61.812
45.425,61.344
46.0535,61.128
47.046,60.012
48.1595,58.644
49.4145,57.384
51.3585,56.484
52.0355,56.088
51.938,55.584
51.5425,56.16
52.9965,56.808
55.0645,57.492
51.791,55.8
52.0495,56.448
51.499,56.808
51.355,55.368
50.41,53.28
51.125,53.028
52.133,51.516
51.338,50.076
51.419,50.256
51.923,50.94
48.357,51.228
48.213,51.084
48.0885,49.212
47.7205,48.816
46.1655,49.752
47.579,51.192
48.299,52.344
49.949,53.568
52.1015,54.576
53.0145,53.784
51.702,51.948
51.2745,50.508
51.751,50.832
51.9535,51.552
48.705,51.048
50.088,51.192
50.592,49.572
50.1275,49.896
47.7515,50.4
45.4725,50.652
42.859,49.896
41.6195,49.716
43.2755,49.5
45.8375,50.292
48.4565,51.732
50.4435,53.244
51.406,54.72
47.466,56.484
46.932,61.092
48.516,61.452
50.082,60.696
52.2735,61.236
54.375,61.02
56.1,61.236
58.4,61.56
59.7295,63.612
58.208,65.268
57.397,67.212
55.388,69.264
57.8745,70.704
59.9185,71.028
61.171,69.912
61.952,69.48
63.009,69.768
63.7055,69.372
64.453,68.76
65.073,69.732
64.774,66.888
63.4865,66.708
63.6695,66.636
64.58,68.832
65.1505,68.832
65.532,67.896
66.979,65.124
67.72,62.64
67.5935,60.732
66.1805,58.788
66.9725,59.292
67.5805,60.264
67.8445,64.944
66.129,65.664
66.0235,66.924
65.4895,68.58
63.5775,70.092
63.4335,69.156
63.978,69.264
64.0085,69.66
64.355,68.688
64.119,66.456
61.259,65.52
61.948,61.2
63.1295,59.688
63.9215,59.04
65.494,59.436
65.657,60.516
65.081,61.128
61.501,55.224
61.4505,54.108
60.7345,53.316
60.8065,52.416
61.5985,51.696
61.8425,52.056
59.771,52.236
59.616,52.056
58.448,52.38
58.415,52.704
58.5725,54.288
58.449,55.692
58.9715,56.232
60.1365,56.592
61.318,57.204
63.3035,57.564
64.335,58.572
64.5315,59.328
63.588,59.148
62.4005,59.148
58.2655,59.832
57.316,57.852
57.892,58.356
58.5815,57.96
56.976,58.104
57.069,56.772
57.113,55.08
56.5165,52.56
56.477,50.868
57.7395,49.032
58.6485,47.88
58.438,47.844
58.6835,48.816
57.623,49.86
56.2835,49.608
54.6355,49.428
53.435,49.392
53.435,49.464
54.587,49.356
56.0085,48.456
58.1405,48.78
60.018,48.42
60.8935,43.74
60.942,42.48
61.2915,41.904
60.0155,42.984
61.196,43.596
62.204,44.712
62.2595,45.792
61.3615,45.828
60.0565,45.576
58.097,45.72
57.9775,47.592
58.2655,48.348
58.9855,48.312
57.9655,48.24
59.489,48.996
60.929,49.788
61.4625,51.84
61.2015,53.748
61.5,54.972
61.149,55.872
58.721,57.06
59.462,58.356
61.156,59.148
62.397,58.824
63.117,58.608
64.773,59.004
65.6135,57.996
65.8085,57.816
66.0965,58.284
63.8505,59.004
64.133,59.328
64.093,52.056
64.984,48.492
64.554,48.024
62.97,47.628
62.324,47.304
60.036,46.44
59.57,47.484
57.421,49.752
58.645,51.552
59.687,52.452
60.191,52.92
61.684,53.388
62.7005,53.316
63.818,52.992
64.732,52.632
62.4105,52.74
63.2025,52.164
61.2415,53.028
59.4925,52.164
58.4195,51.984
58.2755,52.812
57.5555,52.632
58.5635,50.436
59.567,50.868
60.141,51.372
58.8005,51.588
58.2195,51.588
58.1995,50.148
58.7935,49.32
58.1455,47.772
57.7135,47.628
57.4445,48.276
55.306,49.5
47.7465,50.148
46.544,51.084
47.304,50.616
48.1265,50.436
49.633,50.976
48.6835,51.768
48.62,53.208
50.06,55.296
52.436,57.708
52.753,58.824
54.334,55.584
55.4975,54.936
56.0485,55.872
53.0655,55.44
54.392,52.524
55.6225,54.468
56.5585,56.232
57.4945,57.204
57.7065,57.708
56.4775,57.276
48.8825,54.324
49.234,53.1
49.261,53.568
50.267,54.036
51.707,55.872
52.074,57.528
50.587,59.292
49.9305,60.876
49.843,61.02
50.2745,60.768
50.552,59.148
50.437,60.66
51.661,61.488
52.48,62.352
53.603,62.244
54.7765,61.308
54.422,61.164
54.4975,60.372
52.7895,60.228
53.983,60.3
55.405,60.948
55.805,61.92
56.2575,62.82
56.6975,63.72
53.6065,64.584
53.654,64.26
54.828,63.252
55.3245,64.26
56.6945,64.98
57.5215,65.196
57.487,63.612
54.5845,59.76
55.0795,59.796
55.0795,60.48
56.474,59.688
57.46,57.276
58.2645,56.592
56.7185,55.476
56.743,55.044
55.807,55.476
55.807,56.556
55.0735,57.852
53.245,59.112
51.8365,60.048
50.1105,59.724
48.3235,59.94
47.1865,59.904
49.509,58.464
52.149,56.988
54.3785,55.62
55.7705,56.916
56.492,57.744
55.8765,58.068
54.992,58.284
53.55,59.148
54.0995,59.904
54.803,60.516
54.891,58.428
55.455,54.54
55.939,53.532
56.875,51.624
56.03,48.24
55.776,46.98
55.0705,47.232
54.382,47.916
53.457,48.672
53.88,49.248
54.6685,50.688
55.566,52.236
57.0165,52.776
57.718,53.028
57.4685,53.244
58.321,54.288
58.6015,56.124
57.794,57.42
57.158,58.428
57.8225,58.608
55.4795,59.328
56.3695,60.264
58.054,58.572
58.593,59.112
57.9605,60.084
56.804,58.644
54.784,59.904
55.312,61.74
54.9895,61.344
55.37,57.78
55.74,53.28
57.129,49.86
59.0675,47.088
60.225,45.756
59.276,45.072
58.4035,47.232
57.4765,48.996
56.155,50.652
53.725,50.184
52.1395,52.344
51.4915,52.092
51.655,53.496
51.943,54.468
53.212,53.676
54.436,52.992
56.469,54.18
54.6115,55.908
54.8275,57.672
54.56,58.752
53.36,59.76
54.368,61.848
52.9245,63.144
52.5385,61.272
52.061,61.596
51.249,56.484
51.116,57.888
50.9995,58.032
51.9355,57.132
53.623,56.808
53.799,57.024
55.891,57.492
57.547,57.276
58.095,55.188
58.263,55.692
60.0435,56.916
62.205,55.98
64.365,55.512
66.741,55.728
68.7215,55.98
70.8815,55.296
72.1065,55.836
71.9765,56.052
72.4345,55.116
72.968,54.396
72.1275,53.352
70.749,53.64
69.904,54.54
69.367,55.44
68.201,55.944
68.5315,56.808
68.449,57.384
69.272,58.032
69.88,58.032
70.6705,57.708
68.435,56.7
69.023,55.152
68.9345,54.828
67.952,56.34
66.6615,56.664
64.2155,56.16
63.156,55.116
61.9755,55.044
60.481,55.26
60.4455,54.324
61.028,54.504
60.428,54.648
58.554,54.936
57.783,54.468
58.88,52.596
60.0995,52.488
61.171,52.632
61.891,53.244
62.242,53.136
63.875,49.896
63.9745,50.004
63.6875,45.648
63.293,46.404
62.4205,47.52
58.6745,48.024
57.7185,48.168
59.1635,47.124
59.906,47.88
60.8335,48.744
62.163,49.896
63.326,51.3
65.1225,51.948
65.808,51.804
65.5095,51.732
66.9495,50.436
68.251,49.068
69.5985,49.5
70.5025,51.084
70.3855,52.92
69.7375,51.912
68.5665,52.92
67.7025,53.46
66.33,54.828
66.4005,55.44
65.3235,55.728
64.0225,56.52
63.187,58.716
62.755,58.788
62.2795,57.636
60.905,53.568
59.5275,52.632
59.8155,51.228
60.8555,51.192
61.7865,49.896
60.9875,48.672
59.967,45.972
58.1795,46.944
57.515,47.844
58.307,48.78
59.198,48.78
60.638,48.96
62.022,46.584
62.879,46.692
63.6345,47.736
60.211,48.6
61.707,49.716
62.283,50.616
62.0515,51.12
62.3395,50.688
62.6555,50.508
61.771,48.924
61.335,48.924
61.623,48.06
63.7125,47.772
64.5335,47.916
65.0475,48.132
62.1045,49.428
63.8885,49.032
65.3285,48.42
65.444,48.276
66.0125,49.86
64.142,50.904
64.6745,51.696
64.6855,51.624
63.9515,52.128
64.2445,51.876
64.6565,52.884
63.793,53.64
63.6225,52.632
63.266,54.072
61.5115,55.332
58.901,55.008
58.3305,52.596
57.635,51.588
53.787,50.616
52.851,49.32
52.667,46.332
53.133,45.648
51.3345,45.288
48.3105,44.82
48.0655,45.792
44.6005,47.88
43.145,49.356
42.0725,49.932
41.271,50.076
40.582,49.896
41.5625,51.3
41.5735,52.272
44.731,51.876
47.1725,51.408
48.7225,51.588
50.9515,51.732
49.337,50.94
49.695,51.336
51.999,51.264
54.4795,50.904
55.525,52.272
57.4275,54.432
57.0905,56.556
57.5945,57.528
55.524,58.212
54.937,59.184
54.226,60.192
56.239,60.66
58.2845,60.696
60.6605,59.652
60.4945,57.06
62.3255,53.352
63.214,49.824
63.944,47.052
64.7655,45.504
64.578,43.344
64.38,44.532
65.9355,45.432
65.8945,46.836
64.4455,47.232
64.0955,48.204
63.4475,48.708
63.4965,49.068
64.887,47.448
64.9475,47.556
64.114,48.888
64.1195,49.788
64.3775,51.984
63.8485,52.812
64.3125,54.18
62.1205,56.484
62.535,57.852
63.543,58.608
65.463,59.148
66.975,60.408
67.572,61.56
67.9695,62.82
68.459,62.532
68.099,63.108
67.9775,64.476
68.3115,65.844
67.1135,66.672
65.8175,67.032
64.506,67.392
62.172,67.86
60.384,69.012
59.858,68.94
58.877,68.328
58.013,65.16
57.4935,63.756
56.23,62.496
55.682,61.236
55.206,60.228
56.3125,60.516
58.4725,59.4
60.6325,59.22
62.7925,60.804
64.848,61.848
66.115,62.64
66.5125,62.352
67.7365,62.064
68.959,61.56
69.245,60.804
70.689,61.236
71.3355,62.28
70.7065,63.612
69.2525,64.656
68.461,64.512
68.354,65.448
66.463,66.276
64.679,66.42
63.6275,66.636
61.9715,66.6
60.91,66.312
61.9395,65.808
63.4215,63.324
64.5145,59.796
65.1585,58.896
65.1985,57.528
64.2685,56.808
63.774,56.16
61.842,56.304
62.6625,55.368
63.7805,56.772
65.586,58.248
67.474,59.508
68.9745,60.444
69.651,60.048
69.711,60.336
69.1245,60.48
67.3965,60.012
67.1665,60.624
70.401,59.76
69.351,58.464
67.475,58.14
66.5055,54.18
66.3615,54.468
66.0455,55.404
62.815,55.98
61.0635,56.304
59.0185,57.456
56.788,57.924
55.4115,57.78
55.144,58.032
55.1385,57.24
53.965,57.168
54.037,57.816
55.1365,57.06
56.1445,56.124
51.121,57.24
50.8955,58.176
49.633,59.004
49.417,60.48
49.748,61.524
50.756,61.668
51.316,61.776
52.01,62.604
52.3415,63.324
53.3915,64.512
54.4215,65.7
54.3695,66.78
53.994,62.892
53.9575,63.036
53.846,63.648
53.774,64.728
55.363,65.484
56.6595,66.024
56.8755,65.988
57.8975,60.372
58.4595,60.552
60.9875,60.912
59.021,61.2
58.2175,60.444
55.605,57.276
56.377,57.996
56.814,58.824
56.699,59.472
56.3335,59.724
51.197,59.472
49.685,59.292
49.722,59.616
49.664,59.472
50.416,59.364
51.373,57.78
54.8275,56.808
54.763,55.872
55.6215,55.368
57.101,55.728
57.625,56.052
58.246,57.024
57.856,57.528
56.5975,57.132
56.0775,56.448
53.341,54.216
52.616,52.236
51.735,52.236
50.2475,52.128
48.5455,51.624
45.2665,50.544
46.9225,51.3
47.9,52.488
50.3295,52.704
50.6735,50.148
51.0455,50.4
51.706,49.032
52.791,50.544
51.2765,52.02
51.1555,52.632
50.907,53.604
49.2665,53.82
49.8095,55.44
48.686,54.756
48.6725,56.304
49.935,57.168
49.88,56.952
51.507,58.356
52.752,58.068
52.8005,57.276
52.1035,57.24
51.4935,56.844
51.965,56.988
52.253,57.924
54.189,58.644
55.72,57.384
56.8305,54.504
56.9285,55.368
56.3535,54.288
56.523,53.46
56.572,52.308
55.866,52.56
53.122,53.172
50.4955,53.46
52.048,52.524
53.8085,52.704
55.577,52.344
57.8955,52.848
59.5895,53.028
60.856,53.064
62.08,52.92
62.7635,53.28
61.448,54.648
56.7385,55.584
57.023,53.964
57.743,55.44
59.026,57.312
56.9675,57.816
56.6345,57.024
58.0655,57.24
58.6895,57.492
59.1935,57.636
59.3335,57.996
59.35,58.032
59.78736842,58.392
59.69473684,59.724
60.52736842,60.012
59.43736842,60.912
57.39631579,60.408
56.94157895,60.408
57.16157895,61.02
56.85526316,61.272
57.61894737,61.38
61.75388889,61.812
63.35388889,60.372
64.22611111,60.264
64.59722222,59.436
65.69166667,59.04
65.26611111,58.32
65.39444444,57.672
65.215,57.672
64.11111111,57.276
63.07055556,55.08
63.75,55.764
66.17888889,55.764
68.40833333,55.656
70.17277778,56.268
71.13888889,57.024
70.705,57.528
69.245,58.356
68.285,59.22
67.88944444,59.436
68.53666667,59.436
70.12944444,58.536
71.72944444,56.556
73.32944444,56.448
75.345,57.492
75.64,58.284
76.35388889,59.652
77.15388889,60.984
77.83555556,60.876
78.22388889,60.552
79.565,59.904
79.32333333,56.304
79.24833333,54
79.49277778,51.444
78.78055556,48.996
76.90666667,48.888
73.86666667,49.068
70.49722222,50.364
67.33,50.724
65.43333333,50.94
63.67333333,50.724
64.06,50.688
63.26611111,50.544
62.63111111,50.796
61.71555556,49.752
62.01333333,50.508
62.89111111,52.812
63.35444444,50.904
64.06777778,49.68
65.29166667,48.888
66.66666667,46.368
68.80388889,47.988
72.06764706,50.256
71.20705882,51.588
68.49,49.212
66.45882353,50.832
64.69647059,52.848
63.37529412,54.432
63.46,55.62
62.70705882,55.404
61.09764706,52.416
60.04058824,53.64
60.22176471,53.532
59.29705882,52.704
57.92235294,53.568
57.04588235,55.656
56.40625,57.78
55.86625,57.492
58.210625,58.824
59.21625,59.508
59.769375,58.788
61.569375,55.656
63.084375,56.268
63.500625,56.268
64.394,56.772
62.848,56.124
62.092,54.468
63.74666667,53.784
64.43866667,53.568
65.20666667,53.748
66.73733333,54.864
67.06066667,56.448
67.86,58.14
67.668,59.616
67.12133333,60.372
66.742,58.896
65.686,56.952
66.46466667,55.368
66.65666667,53.676
66.72933333,51.228
67.77571429,49.32
67.05571429,47.988
66.41230769,47.88
65.62076923,48.528
65.17769231,47.88
65.06692308,47.556
64.84076923,47.88
62.55461538,48.276
62.42727273,47.628
62.29636364,47.52
62.05818182,48.132
59.91181818,48.636
58.86454545,48.96
61.478,50.472
61.926,50.688
62.2,51.264
63.125,53.136
64.421,55.044
65.254,54.324
65.11,53.1
64.645,52.344
64.747,49.572
64.192,49.5
62.028,49.5
59.58,50.652
58.424,50.184
57.81222222,49.752
58.43222222,51.984
59.10666667,52.2
59.27,53.28
59.11,54.72
58.70222222,56.628
58.66666667,57.924
60.58666667,58.86
61.19222222,59.724
60.45888889,59.544
60.56,58.752
58.58,58.176
56.3375,59.652
55.26375,58.248
51.27142857,58.968
53.15714286,60.048
54.76428571,61.128
55.40142857,61.02
56.50857143,60.624
56.30285714,60.048
54.30857143,58.536
54.72,58.068
56.08,57.96
57.31428571,57.888
59.16571429,57.312
60.45142857,56.88
61.68571429,52.2
62.84285714,51.372
58.92571429,51.012
52.75428571,45.468
51.31428571,44.28
49.96857143,42.552
49.14571429,42.912
47.58428571,43.848
46.012,44.712
39.308,45.144
38.116,45.54
36.964,46.116
38.005,45
36.565,44.784
39.805,44.712
43.045,46.296
45.04666667,48.528
49.21,50.328
52.09,49.428
54.97,50.076
57.85,50.004
60.73,50.724
63.61,48.96
66.49,46.8
69.37,48.564
70.92333333,50.256
66.17333333,51.624
58.01333333,52.776
49.85333333,54.144
47.93333333,56.124
50.81333333,57.204
53.69333333,57.348
57.65666667,54.792
55.86333333,53.172
58.74333333,52.596
61.62333333,52.128
63.97333333,51.696
65.41333333,53.316
66.66666667,54.684
66.66666667,56.736
66.66666667,57.42
75,57.888
75,59.076
74.65,59.256
67.45,59.256
60.25,57.708
62.41,55.908
60.665,54.36
55.625,53.82
50.585,54
45.545,53.424
40.505,51.948
36.99,50.724
37.94,52.128
40.1,53.244
42.26,54.684
44.42,55.332
46.58,54.936
48.74,58.14
50.9,58.716
53.06,58.788
55.22,59.184
57.38,60.48
59.54,61.56
61.7,63.648
63.86,64.728
66.02,65.556
50,65.808
50,66.636
,
,
,
,
,
,
,
,
,
,
,
,
,
,
,
,
,
,
,
,
,
,
,
,
,
,
,
,
,
,
,
,
,
,
,
,
,
,
,
,
,
,
,
,
,
,
,
,
,
,
,
,
,
,
,
,
,
,
,
,
,
,
,
,
,
,
,
,
,
,
,
,
,
,
,
,
,
,
,
,
,
,
,
,
,
,
,
,
,
,
,
,
,
,
,
,
,
,
,
,
,
,
,
,
,
,
,
,
,
,
,
,
,
,
,
,
,
,
,
,
,
,
,
,
,
,
,
,
,
,
,
,
,
,
,
,
,
,
,
,
,
,
,
,
,
,
,
,
,
,
,
,
,
,
,
,
,
,
,
,
,
,
,
,
,
,
,
,
,
,
,
,
,
,
,
,
,
,
,
,
,
,
,
,
,
,
,
,
,
,
,
,
,
,
,
,
,
,
,
,
,
,
,
,
,
,
,
,
,
,
,
,
,
,
,
,
,
,-3.6
