maxmin,default
0,0
3.2752,3.564
5.428,5.904
7.774,8.46
10.258,11.16
13.2296,14.4
16.4772,17.892
19.0624,20.736
21.6292,23.508
25.1804,27.36
13.8598,15.084
16.8452,17.568
20.8196,20.88
24.794,24.12
28.7684,28.008
32.7428,31.392
34.9232,35.028
34.0446,36.396
20.7966,30.168
13.777,16.02
10.50946667,11.124
14.48386667,13.356
18.45826667,15.912
22.1904,19.944
22.08,22.464
41.5472,41.076
40.4662,42.624
42.4005,45.432
44.3877,43.704
45.8758,46.548
35.6408,38.664
38.82032,38.844
41.68888,41.256
44.07352,43.236
46.19872,45.108
38.92213333,39.528
38.70133333,38.988
39.698,38.736
41.5196,40.716
43.5068,43.344
36.99057143,38.196
38.3272,40.356
36.99714286,41.796
35.1164,41.544
31.2041,35.964
32.0321,35.604
35.0129,34.848
38.2789,35.604
41.12055,37.584
38.7596,35.568
39.66426667,37.8
40.5444,40.536
41.7404,40.752
42.23208889,39.852
36.94904,36.144
37.76324,37.656
39.61796,38.412
42.4488,39.06
45.28608,40.5
48.58185455,42.696
50.47872727,44.388
50.84003636,45.468
50.96047273,46.836
52.07701818,47.052
46.55123333,42.768
45.19576667,41.292
44.31256667,41.472
46.07206667,42.624
48.41653333,43.488
47.13796923,42.876
48.61916923,45.828
49.0268,48.276
51.06141538,50.364
52.85046154,51.66
48.1988,47.7
45.67405714,46.728
44.70148571,47.232
44.49645714,48.672
43.94642857,49.716
45.33882667,50.04
46.10733333,50.04
46.37658667,51.336
45.65285333,51.48
44.42986667,51.192
39.756075,46.368
38.277175,42.012
38.43415,38.124
40.883075,36.216
41.01684706,35.28
43.1572,35.964
43.83475294,36.72
45.36952941,38.304
46.91458824,40.86
48.69992941,42.732
49.96898824,44.352
51.76136471,45.468
53.16301176,45.972
53.34105882,46.188
52.58566667,44.604
54.84375556,46.62
57.39931111,48.78
59.5516,51.084
61.09924444,52.452
59.27802105,51.66
61.33107368,53.388
62.57501053,55.692
61.82061053,57.96
60.21351579,60.012
57.638,61.704
55.8992,63.756
55.64206,63.936
56.08458,63.144
56.01558,61.452
57.76174,59.616
58.7443,59.58
58.8708,59.436
59.05848,59.616
58.71348,58.392
59.21718,57.168
59.67534,56.844
59.81104,59.22
59.79862,61.2
58.81008,62.172
59.39106,62.748
59.3262,62.604
59.42832,62.208
59.71444,61.092
60.3221,60.408
55.91392,59.76
57.15132,60.012
58.47612,59.76
57.38086,59.22
57.109,58.716
57.9416,59.364
59.03824,60.12
59.96698,60.408
61.07236,60.48
61.20392,60.84
61.11284,62.352
61.68232,62.82
63.06508,55.836
63.29784,56.988
63.74956,58.14
64.89128,59.364
65.16176,59.616
65.33702,60.552
65.68938,61.236
65.94514,61.992
67.00314,62.496
66.76256,63.036
66.59374,63.828
65.84808,64.26
66.3366,65.448
66.15122,65.196
66.68114,63.54
66.8012,63.72
66.6747,63.504
66.3435,63.648
65.36278,63.216
64.814,62.532
64.952,63.828
66.09786,64.08
66.0307,63.792
65.14106,64.044
64.74362,63.072
65.01962,62.172
65.08586,62.244
64.7795,62.928
63.86134,62.928
64.21048,63.504
65.08908,64.62
65.70134,64.8
65.58772,65.52
62.49284,65.232
63.18284,64.728
64.1102,63.72
64.86736,63.756
65.30712,64.116
63.0913,63.792
62.59404,60.804
62.859,60.696
63.19618,60.12
63.57154,61.164
63.6157,61.812
63.7583,61.668
62.69846,61.02
62.13542,59.04
63.2615,58.32
65.24824,59.04
65.86004,58.752
65.62728,56.88
66.12868,58.572
66.2239,60.156
66.3734,61.488
66.60156,62.856
65.67972,63.036
64.5587,63.144
63.90918,62.244
63.6985,62.388
64.653,62.784
64.48418,62.568
63.92252,60.48
62.78954,59.148
59.99274,57.456
57.60626,55.836
56.00592,55.368
54.51736,56.16
51.1014,57.384
47.83356,57.816
47.03316,58.248
47.27834,57.384
47.66336,56.772
48.04286,56.016
47.68866,56.196
48.44996,56.088
49.97348,56.268
51.38982,54.648
51.6465,55.188
51.14878,56.664
51.21502,56.304
50.51352,55.296
48.39384,56.808
45.40476,58.716
45.06344,59.688
44.42036,59.652
43.60846,59.472
45.50228,57.42
46.3197,56.628
46.44344,55.728
47.1454,53.928
53.03616,52.344
54.30668,51.66
56.3431,49.212
58.2429,49.068
58.89288,49.212
57.10762,48.384
57.93056,48.564
58.144,50.112
58.54144,51.804
58.85424,52.56
59.4849,53.748
59.9863,56.88
58.81698,56.772
60.60868,57.132
61.22692,58.068
61.80514,58.536
62.86636,58.896
64.2574,59.76
65.03342,61.308
64.0182,62.676
63.46206,63.432
61.088,63.396
58.59296,63.144
55.51878,61.92
54.37476,57.816
52.78454,55.98
53.23994,54.468
52.99016,52.524
52.41516,50.868
51.3843,50.652
50.34378,50.4
50.2113,49.752
50.07882,49.248
50.85208,47.592
50.25592,46.332
51.10094,45.864
52.58306,46.224
53.54492,44.856
54.41984,44.424
53.97916,45.9
53.40094,47.484
51.9202,49.536
51.16488,51.228
50.58022,52.236
49.14916,53.316
47.7871,54.648
48.2862,55.26
49.41228,57.024
49.06544,58.932
51.23158,59.58
52.08718,58.392
52.54304,59.04
53.86876,59.328
55.62044,60.516
55.84124,61.776
56.17198,62.82
57.9025,64.152
58.9306,65.304
59.33954,66.276
56.31596,67.428
56.28928,64.98
56.38634,64.764
55.31546,63.396
54.27494,60.516
53.87428,59.652
54.42352,59.976
55.0114,59.256
55.34582,60.696
54.68388,61.884
54.39546,63.432
53.73122,64.224
54.05966,64.98
53.50766,65.124
53.50076,65.88
53.76572,66.456
49.07372,66.708
48.56818,65.016
48.8612,64.548
49.32488,64.44
50.65382,64.332
51.23572,63.18
51.89766,62.208
52.46714,61.38
52.8931,58.644
52.34294,56.268
51.8995,54.468
50.86312,53.784
48.82992,49.14
49.10454,49.356
49.0084,50.976
49.61146,52.596
49.9537,54.576
50.20992,56.232
50.83,56.808
51.5246,56.736
53.19946,56.376
54.6825,56.124
53.29054,56.772
54.15166,57.744
54.58268,57.888
53.44924,56.52
53.291,54.828
52.57478,54.144
52.89034,55.008
52.69806,52.416
52.13134,52.38
51.46894,52.668
51.175,53.748
50.86818,54.828
47.18036,56.484
46.89194,57.852
43.07992,56.592
43.34488,57.132
43.06106,57.492
43.07532,55.152
42.55966,55.62
42.2096,55.728
41.96304,53.64
38.85758,50.4
38.56824,49.536
39.08528,45.468
39.63268,45.828
39.78448,45.504
37.74944,44.64
38.73614,44.748
39.94686,43.524
40.32222,41.58
40.7859,41.076
41.53432,41.508
40.74956,41.112
39.87878,41.04
41.00486,40.968
42.84578,41.112
44.48476,40.932
45.9517,41.544
46.8717,41.976
45.56254,41.04
43.54774,41.832
42.38762,42.156
41.86046,42.984
41.63828,44.604
42.15302,45.216
43.05462,45.288
45.18074,45.828
46.73692,45.468
48.22686,44.064
49.07464,43.632
50.7357,40.86
52.69116,38.52
54.17144,37.98
52.88114,38.268
53.40922,37.764
53.78642,39.564
54.90836,41.76
56.1269,43.92
57.5782,44.82
59.25168,45.18
59.89338,45.216
59.21856,46.368
59.07228,47.34
58.9398,49.068
58.5879,50.832
57.9577,51.912
57.42778,51.66
56.99032,50.184
55.47876,50.148
53.95018,50.292
52.63872,51.516
52.41332,49.428
51.59912,50.148
50.5126,49.932
49.32258,50.076
47.26914,50.832
47.21762,51.696
47.63162,52.452
48.25814,53.532
49.4477,54.252
50.17634,54
51.03424,53.604
51.03056,54
50.50708,53.748
51.681,53.352
49.69748,53.892
46.98256,53.604
46.05612,52.956
45.88638,51.876
45.37302,50.904
42.81772,47.196
43.2814,47.448
44.12872,48.06
45.05608,46.944
46.47748,47.412
48.86212,48.132
51.30058,45.972
52.38112,46.296
53.13506,46.404
53.13506,46.872
53.90556,46.944
54.9654,47.268
54.33934,46.188
53.9557,44.64
54.48884,44.64
56.31182,45.54
57.89836,44.244
58.52488,45.468
59.09068,47.34
61.0259,49.752
62.37094,52.524
63.35304,54.936
65.14152,54.396
67.01142,56.988
67.15172,57.78
66.953,58.068
67.6154,58.968
68.172,60.588
69.15824,62.172
70.74938,64.26
72.33914,65.844
69.80868,66.528
70.21302,67.032
69.82018,67.248
68.94664,66.924
67.8868,63.18
66.2377,62.928
61.86954,62.568
60.79452,60.696
59.96652,58.644
60.10544,56.952
58.76822,56.736
57.04598,57.456
55.97096,59.328
55.17516,60.912
55.63884,62.244
57.33946,63.288
58.99684,64.044
60.21078,64.188
59.2066,62.28
58.29718,60.372
57.33164,59.436
56.66418,59.112
54.10658,59.004
53.43084,59.616
53.89452,59.148
55.27452,59.688
56.4006,59.004
57.68124,58.356
59.86716,53.784
57.09382,54.612
57.34084,56.124
52.54212,57.24
52.05268,54.144
52.05222,54.108
52.16768,54.144
53.45062,53.532
54.878,53.424
56.60024,52.812
58.12836,51.876
58.79076,51.336
56.19728,52.488
57.29852,54.072
58.7949,56.448
59.87728,57.888
60.95138,59.508
62.37646,60.696
62.56506,61.776
61.6308,61.38
60.93942,60.3
62.13036,60.552
62.83232,60.408
63.06232,61.128
63.75738,59.544
63.91654,60.732
63.54302,60.84
61.0167,60.516
60.16018,60.012
59.77792,60.408
59.56126,61.128
59.23972,62.424
58.19736,58.356
57.71804,58.968
57.29162,60.804
55.75292,62.748
54.69032,64.476
52.59088,62.64
51.61936,63.936
50.34654,65.268
49.89206,65.376
49.53004,65.844
51.2969,66.924
52.30936,68.58
51.84246,70.236
49.24162,72.288
48.28896,72.972
48.346,73.62
48.47664,72.612
47.7963,70.128
49.58478,67.572
51.38798,66.24
52.78546,64.404
51.90502,64.008
51.90502,64.692
51.44686,64.692
51.60832,63.684
52.20816,62.82
52.53246,61.416
51.93308,58.752
51.08162,57.276
50.17956,57.132
48.67904,56.52
49.22506,56.772
50.06686,57.024
48.55162,57.132
47.62104,56.232
49.20758,56.052
49.58892,56.196
49.3902,57.312
50.97536,58.356
52.48186,57.564
52.762,58.356
54.0868,60.444
55.40194,58.68
56.1407,60.156
56.60438,60.912
58.33858,61.272
58.21438,57.492
58.05522,55.944
55.64298,56.304
56.76906,55.62
57.9002,54.36
58.85378,54.144
59.2227,53.784
59.5723,53.316
59.8023,53.424
60.62708,55.332
61.66484,57.024
61.76788,58.068
60.66434,57.78
58.78846,56.304
61.19426,55.98
60.31244,55.584
61.21128,55.548
61.76098,55.476
62.68834,55.188
62.28262,54.54
57.99312,54.54
56.26076,53.136
55.46588,51.372
55.53212,49.788
55.43414,49.068
55.96406,46.296
57.09014,45.432
58.54696,45.36
59.47432,44.316
60.54428,44.136
62.32402,45.036
63.35718,46.332
63.10418,48.24
62.13496,50.004
60.37316,51.012
58.604,51.948
58.22588,53.748
57.67296,55.044
57.24194,56.88
56.57954,57.168
57.6679,55.872
59.2066,54.9
59.3768,54.396
59.09114,54.792
59.50468,54.936
58.88138,55.62
55.89506,56.952
55.79662,57.996
56.17566,58.968
58.73786,59.796
61.02176,59.976
62.32264,58.392
61.80192,56.736
61.34008,56.088
61.6584,56.088
62.07838,56.268
62.14278,54.936
59.2089,59.076
57.35142,59.76
57.02022,61.236
56.6076,60.084
55.81272,61.74
56.04962,61.596
56.08182,61.956
56.10206,61.704
56.36518,60.876
57.22952,59.796
56.13196,57.996
56.19774,56.7
56.83346,55.152
57.16466,53.388
56.49812,54.432
55.89046,58.176
54.19444,59.292
51.8696,60.192
48.60958,58.32
45.5929,59.184
42.71146,60.084
41.84436,60.012
41.92532,61.56
42.90098,63.252
45.43834,64.656
47.20704,65.592
46.40296,65.268
48.21168,64.728
50.53974,65.484
52.15618,66.204
53.0173,66.528
53.87842,65.592
54.73954,64.656
54.62638,63.828
53.36736,63.756
53.16864,64.8
54.20226,65.412
55.68622,65.124
56.33114,63.9
56.6421,64.332
56.42728,64.692
54.05276,64.44
55.64252,65.196
56.38542,64.98
54.82372,64.08
54.57394,63.648
55.94888,58.536
54.6595,57.888
54.94746,57.42
54.70872,56.736
53.93224,58.5
53.61714,59.4
53.4359,59.292
54.53392,60.444
55.70646,61.524
55.73866,61.452
57.56164,61.056
59.00604,60.336
59.29446,58.788
59.98722,57.564
61.6055,55.44
61.71912,55.692
62.29918,55.296
62.97676,57.024
59.89338,57.6
58.4453,58.176
57.18674,57.96
55.69588,56.916
54.20318,55.332
53.6912,54.612
53.96214,55.26
52.32086,56.016
48.24572,55.836
47.72178,56.268
46.1679,55.62
43.70506,53.064
42.71652,52.632
42.16866,50.256
41.29834,50.364
40.3535,50.688
40.81718,52.488
42.01778,53.172
40.67688,54.468
42.07942,54.828
44.80952,55.26
46.13432,56.232
47.65784,56.592
48.99736,56.772
50.15794,56.52
51.44226,54.9
52.36962,53.892
54.1581,52.704
54.9562,50.364
55.41988,51.876
57.31324,53.604
58.55064,54.864
60.3589,53.028
61.54616,52.524
62.46938,52.56
62.69432,51.192
62.4818,49.716
61.6768,44.964
61.14688,46.836
61.07466,47.952
61.8217,49.428
61.10732,51.696
61.49188,52.236
59.11782,53.388
59.65878,54.36
56.30952,53.676
57.96414,53.064
59.38324,53.136
60.85846,50.832
60.67262,51.876
59.14128,52.128
57.22032,52.632
56.35,52.524
55.82376,52.74
53.12172,54.18
54.05276,54.936
54.2317,55.548
55.09282,57.096
55.91714,58.644
57.24102,59.868
59.36162,60.876
60.8097,60.948
56.3477,60.624
54.77266,60.012
50.15426,59.472
48.09668,58.896
47.73052,57.276
48.88098,55.62
49.77706,55.224
50.01488,53.856
49.41412,53.136
48.45134,52.956
49.77338,52.524
49.5719,52.92
50.5379,53.676
48.22916,52.668
47.50788,54.18
48.79772,50.4
49.46058,52.38
51.0117,54.504
52.52648,55.872
54.51368,57.564
51.48872,59.112
51.85948,61.488
50.60092,63.072
51.30518,63.972
52.04394,64.224
52.50762,64.008
54.72804,63.072
56.8767,61.38
58.55478,60.516
59.28342,60.012
60.87318,60.66
61.95832,61.452
61.88518,62.352
61.01624,63.648
61.46612,59.184
60.24482,58.176
58.87862,58.428
56.97284,57.852
54.2984,58.068
50.02178,57.708
48.22824,57.78
45.28792,58.392
45.7723,60.3
46.6003,61.92
46.79902,62.964
47.9136,61.02
49.2384,60.624
51.84982,59.94
52.67506,58.716
51.6281,57.78
50.95144,58.104
50.99606,55.692
50.55216,56.016
51.12992,56.808
51.65984,57.348
52.83514,57.24
53.69948,53.784
54.4525,53.316
54.99392,51.984
55.33524,50.616
54.91204,49.716
54.95666,47.952
54.87156,49.248
52.80478,50.148
50.761,47.664
46.20746,46.368
41.55272,46.764
39.0954,48.456
40.02276,50.292
42.20868,50.832
43.1986,51.408
43.861,51.012
44.79664,49.86
45.70744,49.968
46.49036,50.832
47.39012,51.264
49.36398,51.804
51.26654,51.768
53.05502,54.036
54.24642,56.268
55.47784,58.248
56.18946,58.5
57.77922,57.312
59.27606,57.6
60.0783,57.996
59.08976,58.104
55.8509,54.612
54.41754,52.704
52.69162,51.984
51.49654,51.588
51.69756,51.012
52.09132,51.804
52.35628,53.28
51.1957,54.216
52.06372,55.224
52.97774,56.664
53.18106,57.78
52.31902,58.86
51.76012,57.888
50.62806,54.576
49.38008,50.472
43.42538,47.916
42.1981,47.304
43.33292,48.816
44.7787,50.04
45.61084,50.4
46.65596,51.228
48.6427,50.544
50.61932,51.66
48.40442,53.1
49.92794,53.748
51.451,55.008
52.7758,55.908
53.65716,57.456
54.85132,58.572
55.13284,58.356
54.7722,57.816
54.83844,58.14
54.48838,58.14
54.07852,55.764
54.49344,55.692
54.16316,48.42
53.60932,49.608
54.33796,43.668
55.47554,44.28
54.51782,44.928
55.31132,46.584
55.51464,47.412
55.45944,46.584
52.78178,46.836
51.05218,47.124
51.37418,48.816
52.16216,50.112
52.48002,49.608
52.58674,52.2
54.25424,54.504
56.13656,56.196
55.4369,56.088
56.25202,56.484
56.48478,56.592
56.3523,56.736
56.12552,57.672
55.3978,58.32
54.8366,59.256
55.55144,60.048
56.40566,59.22
56.64348,58.824
56.24604,57.564
55.8072,56.412
54.76806,55.296
53.17508,54.72
52.11524,55.008
52.06924,55.296
52.84756,53.712
53.84714,54.936
54.51414,55.08
53.41566,54.828
52.05544,55.44
51.704,55.44
50.9542,56.448
51.50022,57.528
50.29916,59.04
52.10052,55.332
53.889,55.764
55.43874,55.584
56.82058,51.372
58.08972,51.048
59.22592,50.328
59.82944,50.4
59.49732,51.84
58.5695,53.82
55.06752,55.512
53.92488,55.836
53.86968,55.512
53.74272,55.512
53.7142,56.052
54.17788,57.672
54.50954,58.824
54.51,60.012
54.12682,60.804
51.74402,60.156
52.36318,60.264
53.60058,60.3
54.4617,60.228
55.32282,58.896
56.82886,59.292
56.80126,59.148
56.28468,60.804
56.08918,62.928
55.20368,61.092
54.53208,60.624
54.9447,61.884
54.67284,62.136
54.2639,61.164
50.52502,59.688
51.45192,58.788
52.10604,57.384
52.60882,56.34
52.77718,55.044
54.34486,53.424
51.3245,53.244
50.52318,54
49.46794,54.252
50.09216,55.332
50.47626,55.908
50.36586,54.936
49.0084,55.188
47.57228,54.468
47.30732,53.928
47.7963,54.144
48.71262,53.244
50.47258,53.532
49.565,53.316
50.36632,53.28
51.02872,50.472
53.00534,50.616
55.19126,50.472
56.68534,50.76
57.8565,51.516
57.55198,53.028
58.4154,55.116
59.00006,57.096
59.14266,59.076
58.7052,60.84
58.0267,62.172
57.62926,61.38
58.1233,62.1
59.51434,62.532
61.09306,62.424
62.4841,62.352
63.62168,62.712
63.91562,62.748
64.28454,61.524
61.9459,59.904
53.76848,58.284
52.8931,56.412
54.32094,52.992
55.15032,51.336
55.49026,48.528
54.61166,45.324
53.0219,43.056
52.0053,39.024
51.60786,36.288
50.508,36.108
52.5941,34.812
54.44882,34.164
56.83346,35.676
59.0318,35.928
60.68826,37.548
61.13538,39.348
61.32214,40.5
62.2495,41.976
63.37558,42.3
63.60052,42.912
63.20308,44.208
64.34388,44.676
65.53252,44.424
67.51972,44.46
68.43558,46.296
66.20504,48.636
64.75144,48.564
62.00018,50.976
56.04364,53.208
53.94696,55.26
51.5522,57.168
48.84556,54.288
48.71308,55.908
49.52958,56.556
50.91464,53.028
53.69672,52.452
56.3546,52.56
58.77236,52.704
61.3364,52.524
62.99286,51.66
63.19112,51.516
63.45286,52.308
63.43446,52.74
61.82446,52.272
59.64222,52.488
57.92734,53.712
56.23178,54.684
54.59694,56.196
54.85224,57.24
54.98288,58.608
55.19264,55.692
55.32742,56.88
54.56704,57.78
54.69538,58.356
47.98904,55.836
47.80734,56.7
47.34596,58.5
47.13804,60.624
47.33814,61.92
45.98988,63.18
44.988,64.476
44.19496,65.628
43.95668,66.672
45.01652,66.996
46.17112,66.78
47.63576,66.528
48.49688,66.636
49.8985,65.88
51.0255,67.14
51.727,67.176
52.78086,68.076
52.8471,69.228
53.54814,69.696
53.41566,64.224
53.45246,65.376
53.47362,65.124
51.79784,63.468
50.80424,62.82
50.3194,62.928
48.71952,60.732
47.10768,61.596
46.12236,63.324
45.63568,65.232
46.86388,66.708
48.85108,67.896
50.81804,68.256
52.60652,67.284
51.96344,65.916
53.51502,63.792
54.67192,61.596
54.53944,59.22
54.27908,59.4
53.94788,58.788
53.61024,57.924
51.99794,58.032
50.44268,59.22
48.46284,55.476
48.29816,56.232
48.16568,56.16
46.90712,56.304
47.59804,55.62
46.53176,56.268
46.73048,57.888
46.52808,57.708
47.73098,57.852
48.38602,55.548
48.58474,55.692
49.59214,55.944
50.84932,57.312
52.99016,58.644
54.51368,59.364
55.6048,61.02
56.1913,62.208
57.67158,58.284
57.44802,58.824
58.16056,58.932
59.06354,59.436
60.52588,59.544
58.4361,60.336
60.21446,58.068
58.0658,56.304
57.96598,55.116
56.29802,54.396
56.19406,53.676
55.52936,54.432
56.1154,54.936
56.9043,54.432
51.8328,53.172
50.6299,53.064
49.4776,52.596
47.06628,53.064
46.60168,53.748
46.07176,54.036
45.01192,53.82
45.78472,54.108
44.38816,52.56
46.02852,52.344
48.18592,51.444
50.37184,51.336
51.35716,50.616
52.74406,50.904
53.3002,51.336
50.80286,52.056
50.00798,51.3
48.99506,49.788
48.1413,49.608
45.8482,50.148
44.18162,51.156
44.80722,52.56
41.75926,54.324
42.24778,55.62
43.36006,55.548
44.40702,56.124
45.63292,57.42
45.69778,58.428
46.02944,58.716
47.12102,57.996
48.78852,57.708
50.11332,57.312
51.90824,57.312
53.71144,57.132
55.43874,57.312
56.45258,58.572
56.97238,59.544
56.00684,59.076
53.97962,59.976
51.566,60.048
51.19064,58.428
51.01124,59.22
51.44502,59.868
52.42804,60.696
52.53338,61.272
52.3986,62.244
51.19846,63.324
48.0585,63.828
46.98992,63.144
46.2553,62.712
46.7981,63.288
48.19098,64.8
47.24982,65.988
48.6381,65.376
51.64558,59.256
54.21606,58.392
55.0068,57.888
54.53484,57.744
51.47078,57.276
50.06042,57.06
47.26178,54.756
45.14348,53.532
45.23962,51.588
46.4485,49.212
47.81608,48.456
49.46656,47.916
50.59724,47.448
51.35854,45.9
52.15204,45.864
53.05916,46.332
54.85638,47.556
56.96272,48.24
58.79122,50.04
61.07926,51.588
62.87188,51.696
64.19668,49.176
65.25744,48.672
65.98608,43.632
66.92632,43.848
67.82792,44.388
67.96224,44.928
67.46038,45
63.8342,45.936
61.87644,46.26
60.4049,47.448
58.59388,48.708
57.60028,47.988
56.60668,49.572
56.57862,50.94
57.0515,52.668
57.63064,53.208
57.8956,53.28
58.4522,53.496
58.91588,53.388
60.24068,47.844
61.47578,48.96
61.57238,50.436
61.83734,51.192
62.47858,51.84
62.94226,51.804
57.51886,51.984
59.8138,51.948
61.4721,51.192
61.8769,50.58
61.04154,49.86
59.3538,49.212
59.15508,48.78
58.64632,49.032
57.59844,44.316
57.36522,45.108
57.64352,44.568
56.373,44.856
55.41942,45.648
56.74422,45.468
56.90522,45
56.06434,45.648
53.33884,45.216
52.66908,45.612
52.9782,47.7
53.50444,48.42
54.0431,47.808
54.77588,48.672
54.93182,49.284
54.97966,46.836
53.09458,46.224
48.38004,47.772
46.26036,49.392
42.9502,50.796
42.51826,52.416
42.51826,54
43.72392,54.504
45.22398,55.116
46.2208,53.676
47.36252,52.344
48.26366,51.408
45.08414,51.588
44.8822,50.292
43.79614,49.644
42.9824,50.4
42.56886,51.732
40.3374,53.748
41.35492,54.792
42.44972,56.124
44.0657,56.916
44.15034,57.672
45.74332,58.572
47.84414,59.868
49.60364,61.056
51.10232,61.992
51.96344,63.036
50.4482,64.908
50.4482,65.664
51.97172,65.988
53.59874,64.656
55.71842,61.056
57.65456,59.544
59.48306,58.5
61.84056,58.896
62.74262,59.796
61.45692,59.724
61.52914,61.632
61.88978,63.504
62.33506,65.7
62.18602,67.104
62.71594,66.96
63.32636,63.396
62.21868,61.524
57.17064,60.588
54.3444,59.436
53.15208,58.032
52.2008,58.572
51.46572,58.968
51.54622,59.688
52.2721,60.948
53.38944,61.128
53.19118,62.496
53.10746,63.72
53.02006,64.584
52.8011,64.548
52.44874,63.684
51.87558,63.612
52.67414,64.296
53.18106,64.368
53.4037,63.252
53.32872,61.164
53.1323,57.456
52.19436,53.496
51.78956,51.012
52.37422,49.032
52.47726,48.816
52.2422,49.788
52.17412,47.952
52.34386,48.6
52.90966,49.968
52.81306,51.264
49.60272,50.688
50.29824,47.196
51.20352,46.404
51.95378,47.16
53.91614,47.628
54.79336,48.852
54.49344,50.4
53.69258,51.372
52.63274,52.308
52.0582,53.496
53.44326,54.18
55.82698,53.568
57.26678,55.368
57.7139,57.276
56.2695,59.04
53.66682,61.488
54.72804,62.928
56.63382,63.108
57.85098,63.108
58.7926,62.1
57.5782,61.056
56.42222,62.604
57.31738,64.044
56.71754,66.06
56.37438,65.124
57.17294,65.916
58.25992,66.708
59.3676,62.46
59.6965,63.792
58.70566,64.368
57.83396,65.124
57.6886,64.584
54.10014,61.992
53.83932,60.804
53.83058,59.4
53.15576,56.916
52.6217,56.232
52.50624,55.8
51.21272,56.7
51.53104,58.464
50.90866,59.256
52.52924,60.516
53.3163,62.172
52.35398,64.26
52.46944,65.7
52.81122,64.62
53.4658,64.44
53.81632,64.152
54.48516,63.504
54.92078,61.308
54.14338,59.688
53.60242,58.752
54.20548,57.924
54.56934,58.896
53.2266,56.052
54.5514,57.96
56.21108,57.24
57.2309,55.548
57.65134,52.884
57.82016,51.048
58.08834,49.788
58.4062,47.844
57.95816,46.44
56.50226,44.856
53.19348,44.064
51.93492,44.892
50.70534,45.108
52.18608,46.188
48.944,47.16
50.2159,47.376
52.40182,47.736
54.05736,47.736
55.1425,48.492
55.44886,48.132
52.59134,48.276
52.98142,48.096
52.69208,46.908
52.84848,46.08
53.83426,44.82
55.16182,44.532
56.08918,43.812
57.21158,44.496
58.45174,45.288
59.8598,46.728
61.12618,48.708
61.45324,49.212
60.45458,50.148
59.12058,51.912
57.17294,53.064
53.43636,53.712
51.74034,54.216
50.90176,54
49.71726,54.072
48.44766,54.18
47.90302,54.54
48.20386,54
47.36114,54.72
47.40024,54.252
46.60812,53.172
47.13804,52.632
47.86668,52.956
48.02032,53.172
47.67394,54.252
48.35198,54.216
48.2609,54.9
45.26906,55.584
42.48698,55.08
36.0824,53.748
36.66752,51.84
35.1394,50.688
36.19924,48.492
37.08198,45.216
37.34372,44.712
39.62302,45.108
42.60382,44.568
45.47146,43.524
44.7373,44.532
43.66918,44.46
43.0491,44.568
43.4401,46.26
42.71514,47.664
42.8582,50.472
43.5321,51.948
44.33986,53.82
45.05654,52.236
46.32292,52.668
47.87726,54.288
48.8428,55.296
49.04152,57.096
50.35942,57.888
50.61748,59.148
50.89302,60.372
50.79458,60.84
52.3181,61.056
54.65582,60.516
57.04046,59.004
58.9053,58.32
59.99412,57.96
55.43736,58.284
56.60346,58.212
56.83254,57.6
55.73636,57.78
55.13514,57.636
53.41612,56.808
50.17864,56.52
50.58712,57.492
51.11612,57.78
51.68054,58.392
52.14422,58.896
50.24166,59.148
50.33182,58.032
50.7955,55.872
49.5075,55.116
49.86216,53.784
49.86216,53.352
51.9662,56.376
53.2082,56.628
53.50674,56.592
53.4773,56.484
52.67276,53.64
51.80704,53.064
51.42616,53.64
50.36632,54.756
50.45418,50.544
51.98736,50.796
52.8839,49.788
52.84158,49.752
55.22622,49.068
57.47746,48.24
59.70892,48.024
61.79916,48.492
63.95012,50.04
65.96952,51.804
67.30122,51.948
67.44336,52.632
66.84628,53.244
63.56878,54
62.96434,53.568
62.51768,53.208
59.87314,52.704
57.97058,52.632
54.53668,52.668
53.88118,52.38
53.96628,51.408
54.7147,50.256
54.89272,51.444
55.55512,51.66
56.21246,50.688
55.79432,49.752
55.20874,49.068
56.44246,45.36
58.03222,45.288
59.8207,43.344
61.36814,42.192
62.57012,40.284
63.10004,39.852
63.62536,41.688
63.95656,43.704
64.47636,45.468
64.80756,46.692
62.27204,47.34
61.47716,48.888
59.08424,49.068
58.77604,47.628
57.36798,48.204
54.73586,48.672
54.19168,49.392
53.9557,51.12
53.54998,52.056
51.96804,52.884
52.03428,53.28
52.06694,52.992
51.704,52.164
51.77024,53.388
52.7183,55.08
52.62262,56.952
51.08024,58.644
48.14176,59.58
45.89512,59.724
44.4337,59.184
44.5694,58.5
45.43052,57.708
47.54146,58.104
47.73926,59.004
47.50282,59.904
48.75356,61.416
50.09124,60.264
51.27574,59.76
52.95428,57.6
56.71754,56.016
58.43978,49.896
59.71996,49.824
61.1708,50.076
60.8258,50.472
60.83684,50.688
60.77152,51.408
61.4514,51.768
62.37048,52.596
63.60926,53.496
63.97174,54.432
64.5978,56.268
65.1889,58.68
65.17188,59.58
65.57116,60.12
66.38674,60.012
67.00498,60.444
64.73396,61.308
64.73396,61.992
65.1866,60.516
64.68704,61.128
64.00394,61.452
62.82496,62.244
62.2288,63
62.32402,63.612
61.72786,61.668
60.904,61.992
60.97852,61.092
60.90722,60.156
61.0972,58.392
60.46608,55.584
60.00516,53.676
60.75128,52.56
60.84374,50.292
60.48724,50.976
59.92282,51.372
58.30178,51.228
55.05602,50.328
52.18838,48.996
49.83088,48.168
48.95826,48.348
49.51624,48.384
50.68234,48.204
52.51498,48.42
53.1668,49.536
53.23718,48.348
55.0827,48.276
55.68622,47.88
56.66556,47.088
58.4154,45.828
59.77884,43.74
60.44124,41.652
61.17816,41.364
63.03242,41.724
64.14562,43.308
65.2717,45.036
65.97872,46.26
65.4603,47.376
64.76432,47.052
65.05182,49.32
66.26576,51.696
66.21562,53.784
66.15904,56.016
66.25104,54.972
66.83018,55.512
67.20186,56.124
68.39418,57.348
68.98758,58.356
69.21988,58.788
69.7498,60.408
69.60628,64.332
68.16096,65.556
66.50496,66.636
65.51136,67.68
64.44554,68.94
63.45194,69.768
63.93678,71.136
63.85398,72.756
64.3839,73.584
65.20086,73.908
65.02192,72.504
64.96856,70.452
64.43864,68.508
62.56644,65.088
61.00934,59.76
60.63168,56.016
61.47808,52.2
62.56414,49.464
63.69022,47.916
64.8163,47.088
66.64296,47.736
66.37708,48.312
66.64204,49.14
66.8932,49.464
66.50082,49.932
64.09134,50.508
60.56912,52.2
57.06392,53.172
53.70638,54.54
50.2872,56.088
46.95818,57.528
44.50316,57.852
43.11028,56.772
41.78732,55.548
41.71464,55.98
42.17234,56.34
41.92348,56.988
43.43366,57.672
45.12738,58.788
45.53908,59.04
46.138,59.508
46.6279,59.868
47.05478,57.852
47.42554,58.608
46.53728,59.364
47.9803,60.912
49.37502,61.02
50.74076,61.38
51.9317,60.084
50.90314,60.48
50.94132,60.264
51.15752,60.444
51.01584,58.932
51.15568,57.672
51.62488,57.888
52.44782,57.708
53.6705,58.86
53.42302,59.76
53.8867,60.192
53.5716,59.94
53.53158,59.148
54.60752,59.22
51.38844,58.176
51.34934,57.384
49.83042,57.096
48.4725,58.536
48.5369,59.22
48.69054,58.788
50.68464,58.896
52.7206,60.336
54.51,61.236
56.33574,62.496
56.50272,63.828
55.38722,65.124
52.48508,66.42
49.95922,66.744
44.84862,65.484
45.49814,64.764
46.84548,64.08
47.82068,63.972
49.10776,63.468
47.54882,61.452
46.26588,58.932
44.76628,56.772
43.92448,55.764
44.60666,55.26
46.9913,54.612
47.57918,55.224
48.7416,55.944
49.34926,57.456
49.7467,56.592
49.91276,57.456
50.25868,57.744
50.2573,58.464
50.70764,60.048
51.46664,61.848
51.93032,62.604
53.45384,63.036
55.46772,63.108
56.88912,63.576
58.41402,64.764
59.57552,65.556
60.0668,64.944
59.39152,64.944
58.41034,64.62
57.48896,64.548
55.95624,63.648
55.20276,62.82
55.9314,62.82
57.01102,63.72
58.0198,65.196
57.58142,65.7
58.41264,66.492
58.22542,67.68
57.64674,68.256
51.5177,69.12
52.08948,69.804
52.35444,69.228
53.67924,69.12
54.5583,68.832
55.78926,66.996
56.91764,66.852
56.84956,66.852
57.38316,67.32
58.28292,66.744
53.98882,65.808
52.76844,64.512
53.79654,63.432
55.50268,62.316
57.29116,60.444
58.16286,58.284
57.25206,55.8
57.23182,54.576
55.35502,52.812
54.3605,51.156
54.06518,50.076
53.73398,49.104
54.18708,48.348
54.50816,48.528
54.33658,49.14
53.46304,50.256
54.91158,51.408
54.03344,52.704
53.61852,51.768
51.93446,50.76
51.56508,49.32
51.79186,48.852
49.22138,47.16
50.29686,47.988
51.77024,49.644
53.55872,49.356
54.31956,48.312
54.58452,47.952
56.57172,45.864
55.2391,45.756
57.11866,45.288
58.52028,45.972
59.47524,47.592
60.71908,49.32
61.35388,50.472
61.54064,52.812
61.40264,53.496
60.41778,52.704
58.89748,52.632
56.49858,52.092
53.73536,50.868
52.27808,50.292
51.33738,49.464
49.62204,47.844
48.21904,46.584
47.28938,47.448
45.12232,46.512
45.98344,43.956
46.12512,44.352
41.4782,44.532
41.8715,44.82
42.5339,43.848
42.98332,37.152
43.62226,38.232
45.60946,38.844
47.40944,40.14
49.19792,42.048
50.87692,43.74
51.52092,45.288
52.95336,47.52
53.47362,48.204
53.72018,48.096
53.7947,48.888
53.26432,47.736
53.32504,46.152
53.00856,44.46
52.25508,42.408
50.6736,41.148
49.35754,41.22
48.40488,41.58
48.03596,42.876
46.98992,44.568
47.92004,46.764
48.02722,48.96
47.8285,48.78
48.82946,49.716
49.14042,48.78
50.2205,48.672
50.6805,48.636
51.07656,50.616
51.34888,52.38
50.95144,53.82
50.58436,54.756
50.54158,55.188
49.47714,55.404
47.66934,57.132
47.60448,58.356
45.45398,59.112
45.78978,59.904
46.94852,60.048
48.00468,56.16
49.06452,57.096
49.95646,58.14
50.63036,58.572
51.43398,59.364
53.42118,61.236
54.61442,62.568
55.59652,63.18
57.1412,58.176
57.3091,58.248
58.77052,58.68
60.0484,56.7
58.70198,55.908
59.13944,54.612
56.30492,53.532
56.04272,53.676
56.64716,54.54
57.60856,55.62
57.58694,55.476
58.3947,53.964
58.97522,51.516
58.89656,50.544
59.55896,48.744
59.36254,48.132
57.85236,49.86
58.11732,48.636
59.25904,50.508
61.23014,51.804
61.27154,53.964
58.45864,58.14
56.12,59.292
53.34988,59.904
50.4183,60.588
47.93936,59.4
47.00832,57.6
47.26684,57.672
46.7452,58.5
45.58646,59.724
45.7516,60.84
46.3335,61.56
46.96232,60.48
47.28432,61.128
46.01656,60.228
47.40254,61.128
47.04788,62.424
47.80458,63.396
47.93062,63.756
49.91782,62.136
51.11382,63.324
49.85986,64.152
50.66348,63.18
51.77852,64.368
52.00116,65.232
52.75188,65.088
53.25696,63.648
54.45434,62.424
55.10064,62.748
51.7247,63.144
52.51636,61.812
53.07848,60.048
50.83874,59.544
50.14966,59.832
48.94032,59.256
45.6113,59.04
46.35834,57.24
47.37816,55.332
49.99556,49.86
52.98004,49.464
55.46036,50.292
56.37668,49.968
56.54136,49.428
57.96736,49.104
59.78712,50.004
60.74392,51.804
61.12342,52.992
60.45826,53.82
59.1928,51.984
57.88272,51.876
56.41532,52.632
55.44334,53.604
54.4594,55.368
55.453,56.88
56.1085,58.392
55.46358,59.652
54.23216,60.12
52.37744,59.724
51.8535,58.752
50.80332,58.104
50.57838,57.78
51.3337,56.844
52.59502,56.34
53.245,56.52
53.41474,56.052
52.29372,54.504
49.27152,54.612
47.16288,53.784
48.08104,53.028
49.4592,52.488
50.98272,51.804
51.26562,52.668
45.977,51.516
47.679,50.364
48.66708,49.752
50.56412,49.968
51.89398,49.752
52.02186,48.636
52.03336,48.06
52.02968,47.88
53.70546,47.376
55.22898,48.276
57.0906,48.996
58.33674,49.464
58.71578,48.924
59.14266,49.68
59.2089,48.636
59.46834,51.12
60.03644,53.568
59.96514,55.728
59.27744,56.412
58.38596,54.108
58.40252,52.632
56.94524,50.832
58.5005,50.472
60.0645,50.94
61.72372,51.372
63.08762,50.94
62.88844,48.96
61.4652,48.024
61.49648,48.384
61.5756,47.232
60.39156,46.332
59.39796,46.512
58.85746,46.26
57.10762,46.692
57.24286,46.908
56.93788,48.024
55.00864,49.644
55.2736,50.616
55.23634,49.86
56.03214,50.76
56.39232,51.984
57.54508,52.452
58.09432,52.488
55.50314,52.02
55.6577,51.012
55.92266,52.452
56.56896,53.928
57.42732,55.692
57.76818,57.636
58.19046,59.184
58.32156,57.816
59.26732,57.6
58.64218,56.952
53.44188,55.584
50.24442,53.028
49.95048,51.876
49.36168,50.508
48.23744,51.696
47.84552,53.352
48.75816,54.54
49.25818,55.188
50.9519,55.548
52.2928,56.628
52.2238,57.672
54.26896,59.22
54.70274,60.552
55.50636,61.2
55.9981,61.704
54.94286,60.084
53.3416,60.444
51.9363,60.3
52.33374,59.292
53.09274,57.492
53.75514,56.7
55.25842,54
56.11954,53.856
57.84178,53.964
59.4642,49.788
60.70574,47.844
61.4836,47.304
62.57288,44.676
63.30152,44.532
63.8319,44.784
64.91106,45.972
64.74408,46.8
64.62448,47.196
63.93586,47.412
62.78218,45.9
61.92888,46.656
60.29496,46.368
58.91634,45.18
56.99538,45.936
56.79666,46.692
56.55332,47.844
56.74836,49.212
57.7944,50.544
58.19782,50.616
53.00396,50.76
50.80378,50.976
50.95558,51.84
52.21,51.948
51.75782,52.704
50.8346,52.884
52.24956,52.74
53.50812,53.28
55.10156,54.684
54.8504,55.908
50.68832,55.764
49.243,52.992
48.17672,53.964
46.62422,54.432
46.78292,53.856
47.39794,54.936
47.18864,56.268
47.72224,57.276
49.13582,53.352
49.84238,53.712
50.82448,53.964
46.7383,53.064
44.0887,53.028
43.09188,52.776
45.07034,52.632
47.34642,53.172
50.2872,51.552
52.51406,52.2
53.7579,52.632
54.35728,53.64
54.91618,53.784
56.03674,53.64
56.5593,54.144
57.69688,54.36
58.72958,53.604
58.41632,53.64
55.5082,53.82
54.95528,53.028
54.26022,53.64
52.02048,53.748
50.7449,54.396
51.60004,55.692
51.02642,56.196
51.21134,55.944
50.32998,56.916
46.75854,57.852
46.74934,59.004
46.79994,59.94
46.15916,60.696
45.63752,61.884
45.68214,62.532
41.0872,62.64
40.87192,61.524
41.998,56.052
43.5114,54.828
44.1738,53.532
45.97608,51.84
47.92326,51.876
48.95964,52.344
48.7255,54.504
48.99046,55.908
49.82398,54.864
49.84008,53.748
49.37364,53.892
48.80922,54.18
49.92702,54.792
50.19198,54.792
51.46434,56.376
51.71918,57.996
52.3779,59.364
51.8512,59.976
50.87876,60.408
49.45506,60.408
48.86396,59.364
49.2062,59.832
47.23188,60.66
45.8045,61.776
47.66106,61.776
49.98958,61.632
52.57294,61.38
54.96218,61.452
56.97376,61.74
57.96414,62.244
59.6229,61.02
61.12342,59.436
60.8488,58.86
59.07228,57.816
60.4256,56.772
60.19882,56.124
60.5866,55.944
61.51396,54.9
62.72606,52.596
64.31582,50.724
65.47502,49.212
65.87522,48.168
65.3844,46.512
64.06328,46.692
63.81718,47.664
63.89952,48.996
61.50016,50.256
58.48624,52.236
56.25018,52.56
54.23814,52.992
52.279,52.956
51.76196,53.316
49.54476,53.64
48.63442,54.828
48.12612,56.412
48.78852,57.456
49.51256,59.004
50.5724,60.696
51.60004,62.388
52.27026,64.512
52.93266,65.952
54.0523,66.384
54.47412,66.492
54.5583,66.348
56.2856,66.528
55.11168,67.14
55.01508,67.212
54.12222,67.356
51.90502,67.572
50.60598,67.68
50.65014,68.256
51.97494,67.896
53.0288,66.672
53.22752,65.34
53.06606,59.148
55.96866,57.312
54.82786,55.08
55.13974,53.748
56.86198,52.38
58.04372,51.552
59.1859,50.22
59.1859,49.572
60.90814,48.528
62.68374,47.412
64.03476,44.1
66.22068,43.524
67.8155,45.18
68.12002,45.576
67.7994,46.368
69.22494,47.088
69.49496,46.872
69.56304,46.44
70.54284,45.432
70.79492,44.712
72.22276,43.92
73.53054,44.964
74.1382,46.404
74.14556,45.252
73.37368,45.54
71.52402,43.56
69.74474,44.064
67.48752,43.848
65.30574,42.768
63.07152,42.372
60.58982,42.624
57.99772,44.388
56.10206,45.864
55.52108,46.296
55.13192,44.784
56.61312,42.732
56.8307,43.164
56.8307,42.516
57.68952,42.948
58.96372,43.308
59.74112,44.82
59.44304,46.224
58.35882,48.024
59.68362,48.024
60.69976,48.6
61.49418,48.636
61.09674,47.952
58.87954,49.212
58.67392,49.752
59.46098,51.228
59.20982,52.884
59.27606,53.892
59.91454,54.18
61.23934,55.656
62.28078,55.8
62.34702,55.584
63.07474,54.612
63.12488,54.648
62.89442,53.856
59.8368,53.784
59.1767,55.584
57.85558,57.348
55.99442,58.176
52.20678,58.464
48.6956,59.4
46.86434,59.976
44.39782,58.788
42.81956,58.392
41.42714,58.608
40.70954,53.532
41.31306,53.424
43.09648,53.748
45.7746,52.488
47.59574,51.228
49.39158,50.004
51.02872,50.328
52.07614,51.588
52.3411,51.192
53.7763,51.408
55.36606,50.76
57.05104,50.328
58.58146,49.968
59.50882,49.824
60.11694,51.228
59.50376,53.244
58.7512,54.828
56.89924,54.828
55.55052,54.756
54.13556,54.756
53.48788,55.656
53.81908,56.484
54.54772,57.672
54.5905,58.86
54.65674,60.516
54.25654,59.868
53.8982,59.508
52.9046,60.912
51.6143,62.64
49.54292,63.54
46.54694,64.188
45.33806,63
45.03262,63.648
45.03768,63.864
44.35872,62.64
42.39406,61.704
42.14244,61.812
41.791,61.344
42.36922,61.128
43.28232,60.012
44.30674,58.644
45.46134,57.384
47.24982,56.484
47.87266,56.088
47.78296,55.584
47.4191,56.16
48.75678,56.808
50.65934,57.492
47.64772,55.8
47.88554,56.448
47.37908,56.808
47.2466,55.368
46.3772,53.28
47.035,53.028
47.96236,51.516
47.23096,50.076
47.30548,50.256
47.76916,50.94
44.48844,51.228
44.35596,51.084
44.24142,49.212
43.90286,48.816
42.47226,49.752
43.77268,51.192
44.43508,52.344
45.95308,53.568
47.93338,54.576
48.77334,53.784
47.56584,51.948
47.17254,50.508
47.61092,50.832
47.79722,51.552
44.8086,51.048
46.08096,51.192
46.54464,49.572
46.1173,49.896
43.93138,50.4
41.8347,50.652
39.43028,49.896
38.28994,49.716
39.81346,49.5
42.1705,50.292
44.57998,51.732
46.40802,53.244
47.29352,54.72
43.66872,56.484
43.17744,61.092
44.63472,61.452
46.07544,60.696
48.09162,61.236
50.025,61.02
51.612,61.236
53.728,61.56
54.95114,63.612
53.55136,65.268
52.80524,67.212
50.95696,69.264
53.24454,70.704
55.12502,71.028
56.27732,69.912
56.99584,69.48
57.96828,69.768
58.60906,69.372
59.29676,68.76
59.86716,69.732
59.59208,66.888
58.40758,66.708
58.57594,66.636
59.4136,68.832
59.93846,68.832
60.28944,67.896
61.62068,65.124
62.3024,62.64
62.18602,60.732
60.88606,58.788
61.6147,59.292
62.17406,60.264
62.41694,64.944
60.83868,65.664
60.74162,66.924
60.25034,68.58
58.4913,70.092
58.35882,69.156
58.85976,69.264
58.88782,69.66
59.2066,68.688
58.98948,66.456
56.35828,65.52
56.99216,61.2
58.07914,59.688
58.80778,59.04
60.25448,59.436
60.40444,60.516
59.87452,61.128
56.58092,55.224
56.53446,54.108
55.87574,53.316
55.94198,52.416
56.67062,51.696
56.8951,52.056
54.98932,52.236
54.84672,52.056
53.77216,52.38
53.7418,52.704
53.8867,54.288
53.77308,55.692
54.25378,56.232
55.32558,56.592
56.41256,57.204
58.23922,57.564
59.1882,58.572
59.36898,59.328
58.50096,59.148
57.40846,59.148
53.60426,59.832
52.73072,57.852
53.26064,58.356
53.89498,57.96
52.41792,58.104
52.50348,56.772
52.54396,55.08
51.99518,52.56
51.95884,50.868
53.12034,49.032
53.95662,47.88
53.76296,47.844
53.98882,48.816
53.01316,49.86
51.78082,49.608
50.26466,49.428
49.1602,49.392
49.1602,49.464
50.22004,49.356
51.52782,48.456
53.48926,48.78
55.21656,48.42
56.02202,43.74
56.06664,42.48
56.38818,41.904
55.21426,42.984
56.30032,43.596
57.22768,44.712
57.27874,45.792
56.45258,45.828
55.25198,45.576
53.44924,45.72
53.3393,47.592
53.60426,48.348
54.26666,48.312
53.32826,48.24
54.72988,48.996
56.05468,49.788
56.5455,51.84
56.30538,53.748
56.58,54.972
56.25708,55.872
54.02332,57.06
54.70504,58.356
56.26352,59.148
57.40524,58.824
58.06764,58.608
59.59116,59.004
60.36442,57.996
60.54382,57.816
60.80878,58.284
58.74246,59.004
59.00236,59.328
58.96556,52.056
59.78528,48.492
59.38968,48.024
57.9324,47.628
57.33808,47.304
55.23312,46.44
54.8044,47.484
52.82732,49.752
53.9534,51.552
54.91204,52.452
55.37572,52.92
56.74928,53.388
57.68446,53.316
58.71256,52.992
59.55344,52.632
57.41766,52.74
58.1463,52.164
56.34218,53.028
54.7331,52.164
53.74594,51.984
53.61346,52.812
52.95106,52.632
53.87842,50.436
54.80164,50.868
55.32972,51.372
54.09646,51.588
53.56194,51.588
53.54354,50.148
54.09002,49.32
53.49386,47.772
53.09642,47.628
52.84894,48.276
50.88152,49.5
43.92678,50.148
42.82048,51.084
43.51968,50.616
44.27638,50.436
45.66236,50.976
44.78882,51.768
44.7304,53.208
46.0552,55.296
48.24112,57.708
48.53276,58.824
49.98728,55.584
51.0577,54.936
51.56462,55.872
48.82026,55.44
50.04064,52.524
51.1727,54.468
52.03382,56.232
52.89494,57.204
53.08998,57.708
51.9593,57.276
44.9719,54.324
45.29528,53.1
45.32012,53.568
46.24564,54.036
47.57044,55.872
47.90808,57.528
46.54004,59.292
45.93606,60.876
45.85556,61.02
46.25254,60.768
46.50784,59.148
46.40204,60.66
47.52812,61.488
48.2816,62.352
49.31476,62.244
50.39438,61.308
50.06824,61.164
50.1377,60.372
48.56634,60.228
49.66436,60.3
50.9726,60.948
51.3406,61.92
51.7569,62.82
52.1617,63.72
49.31798,64.584
49.36168,64.26
50.44176,63.252
50.89854,64.26
52.15894,64.98
52.91978,65.196
52.88804,63.612
50.21774,59.76
50.67314,59.796
50.67314,60.48
51.95608,59.688
52.8632,57.276
53.60334,56.592
52.18102,55.476
52.20356,55.044
51.34244,55.476
51.34244,56.556
50.66762,57.852
48.9854,59.112
47.68958,60.048
46.10166,59.724
44.45762,59.94
43.41158,59.904
45.54828,58.464
47.97708,56.988
50.02822,55.62
51.30886,56.916
51.97264,57.744
51.40638,58.068
50.59264,58.284
49.266,59.148
49.77154,59.904
50.41876,60.516
50.49972,58.428
51.0186,54.54
51.46388,53.532
52.325,51.624
51.5476,48.24
51.31392,46.98
50.66486,47.232
50.03144,47.916
49.18044,48.672
49.5696,49.248
50.29502,50.688
51.12072,52.236
52.45518,52.776
53.10056,53.028
52.87102,53.244
53.65532,54.288
53.91338,56.124
53.17048,57.42
52.58536,58.428
53.1967,58.608
51.04114,59.328
51.85994,60.264
53.40968,58.572
53.90556,59.112
53.32366,60.084
52.25968,58.644
50.40128,59.904
50.88704,61.74
50.59034,61.344
50.9404,57.78
51.2808,53.28
52.55868,49.86
54.3421,47.088
55.407,45.756
54.53392,45.072
53.73122,47.232
52.87838,48.996
51.6626,50.652
49.427,50.184
47.96834,52.344
47.37218,52.092
47.5226,53.496
47.78756,54.468
48.95504,53.676
50.08112,52.992
51.95148,54.18
50.24258,55.908
50.4413,57.672
50.1952,58.752
49.0912,59.76
50.01856,61.848
48.69054,63.144
48.33542,61.272
47.89612,61.596
47.14908,56.484
47.02672,57.888
46.91954,58.032
47.78066,57.132
49.33316,56.808
49.49508,57.024
51.41972,57.492
52.94324,57.276
53.4474,55.188
53.60196,55.692
55.24002,56.916
57.2286,55.98
59.2158,55.512
61.40172,55.728
63.22378,55.98
65.21098,55.296
66.33798,55.836
66.21838,56.052
66.63974,55.116
67.13056,54.396
66.3573,53.352
65.08908,53.64
64.31168,54.54
63.81764,55.44
62.74492,55.944
63.04898,56.808
62.97308,57.384
63.73024,58.032
64.2896,58.032
65.01686,57.708
62.9602,56.7
63.50116,55.152
63.41974,54.828
62.51584,56.34
61.32858,56.664
59.07826,56.16
58.10352,55.116
57.01746,55.044
55.64252,55.26
55.60986,54.324
56.14576,54.504
55.59376,54.648
53.86968,54.936
53.16036,54.468
54.1696,52.596
55.29154,52.488
56.27732,52.632
56.93972,53.244
57.26264,53.136
58.765,49.896
58.85654,50.004
58.5925,45.648
58.22956,46.404
57.42686,47.52
53.98054,48.024
53.10102,48.168
54.43042,47.124
55.11352,47.88
55.96682,48.744
57.18996,49.896
58.25992,51.3
59.9127,51.948
60.54336,51.804
60.26874,51.732
61.59354,50.436
62.79092,49.068
64.03062,49.5
64.8623,51.084
64.75466,52.92
64.1585,51.912
63.08118,52.92
62.2863,53.46
61.0236,54.828
61.08846,55.44
60.09762,55.728
58.9007,56.52
58.13204,58.716
57.7346,58.788
57.29714,57.636
56.0326,53.568
54.7653,52.632
55.03026,51.228
55.98706,51.192
56.84358,49.896
56.1085,48.672
55.16964,45.972
53.52514,46.944
52.9138,47.844
53.64244,48.78
54.46216,48.78
55.78696,48.96
57.06024,46.584
57.84868,46.692
58.54374,47.736
55.39412,48.6
56.77044,49.716
57.30036,50.616
57.08738,51.12
57.35234,50.688
57.64306,50.508
56.82932,48.924
56.4282,48.924
56.69316,48.06
58.6155,47.772
59.37082,47.916
59.8437,48.132
57.13614,49.428
58.77742,49.032
60.10222,48.42
60.20848,48.276
60.7315,49.86
59.01064,50.904
59.50054,51.696
59.51066,51.624
58.83538,52.128
59.10494,51.876
59.48398,52.884
58.68956,53.64
58.5327,52.632
58.20472,54.072
56.59058,55.332
54.18892,55.008
53.66406,52.596
53.0242,51.588
49.48404,50.616
48.62292,49.32
48.45364,46.332
48.88236,45.648
47.22774,45.288
44.44566,44.82
44.22026,45.792
41.03246,47.88
39.6934,49.356
38.7067,49.932
37.96932,50.076
37.33544,49.896
38.2375,51.3
38.24762,52.272
41.15252,51.876
43.3987,51.408
44.8247,51.588
46.87538,51.732
45.39004,50.94
45.7194,51.336
47.83908,51.264
50.12114,50.904
51.083,52.272
52.8333,54.432
52.52326,56.556
52.98694,57.528
51.08208,58.212
50.54204,59.184
49.88792,60.192
51.73988,60.66
53.62174,60.696
55.80766,59.652
55.65494,57.06
57.33946,53.352
58.15688,49.824
58.82848,47.052
59.58426,45.504
59.41176,43.344
59.2296,44.532
60.66066,45.432
60.62294,46.836
59.28986,47.232
58.96786,48.204
58.3717,48.708
58.41678,49.068
59.69604,47.448
59.7517,47.556
58.98488,48.888
58.98994,49.788
59.2273,51.984
58.74062,52.812
59.1675,54.18
57.15086,56.484
57.5322,57.852
58.45956,58.608
60.22596,59.148
61.617,60.408
62.16624,61.56
62.53194,62.82
62.98228,62.532
62.65108,63.108
62.5393,64.476
62.84658,65.844
61.74442,66.672
60.5521,67.032
59.34552,67.392
57.19824,67.86
55.55328,69.012
55.06936,68.94
54.16684,68.328
53.37196,65.16
52.89402,63.756
51.7316,62.496
51.22744,61.236
50.78952,60.228
51.8075,60.516
53.7947,59.4
55.7819,59.22
57.7691,60.804
59.66016,61.848
60.8258,62.64
61.1915,62.352
62.31758,62.064
63.44228,61.56
63.7054,60.804
65.03388,61.236
65.62866,62.28
65.04998,63.612
63.7123,64.656
62.98412,64.512
62.88568,65.448
61.14596,66.276
59.50468,66.42
58.5373,66.636
57.01378,66.6
56.0372,66.312
56.98434,65.808
58.34778,63.324
59.35334,59.796
59.94582,58.896
59.98262,57.528
59.12702,56.808
58.67208,56.16
56.89464,56.304
57.6495,55.368
58.67806,56.772
60.33912,58.248
62.07608,59.508
63.45654,60.444
64.07892,60.048
64.13412,60.336
63.59454,60.48
62.00478,60.012
61.79318,60.624
64.76892,59.76
63.80292,58.464
62.077,58.14
61.18506,54.18
61.05258,54.468
60.76186,55.404
57.7898,55.98
56.17842,56.304
54.29702,57.456
52.24496,57.924
50.97858,57.78
50.73248,58.032
50.72742,57.24
49.6478,57.168
49.71404,57.816
50.72558,57.06
51.65294,56.124
47.03132,57.24
46.82386,58.176
45.66236,59.004
45.46364,60.48
45.76816,61.524
46.69552,61.668
47.21072,61.776
47.8492,62.604
48.15418,63.324
49.12018,64.512
50.06778,65.7
50.01994,66.78
49.67448,62.892
49.6409,63.036
49.53832,63.648
49.47208,64.728
50.93396,65.484
52.12674,66.024
52.32546,65.988
53.2657,60.372
53.78274,60.552
56.1085,60.912
54.29932,61.2
53.5601,60.444
51.1566,57.276
51.86684,57.996
52.26888,58.824
52.16308,59.472
51.82682,59.724
47.10124,59.472
45.7102,59.292
45.74424,59.616
45.69088,59.472
46.38272,59.364
47.26316,57.78
50.4413,56.808
50.38196,55.872
51.17178,55.368
52.53292,55.728
53.015,56.052
53.58632,57.024
53.22752,57.528
52.0697,57.132
51.5913,56.448
49.07372,54.216
48.40672,52.236
47.5962,52.236
46.2277,52.128
44.66186,51.624
41.64518,50.544
43.1687,51.3
44.068,52.488
46.30314,52.704
46.61962,50.148
46.96186,50.4
47.56952,49.032
48.56772,50.544
47.17438,52.02
47.06306,52.632
46.83444,53.604
45.32518,53.82
45.82474,55.44
44.79112,54.756
44.7787,56.304
45.9402,57.168
45.8896,56.952
47.38644,58.356
48.53184,58.068
48.57646,57.276
47.93522,57.24
47.37402,56.844
47.8078,56.988
48.07276,57.924
49.85388,58.644
51.2624,57.384
52.28406,54.504
52.37422,55.368
51.84522,54.288
52.00116,53.46
52.04624,52.308
51.39672,52.56
48.87224,53.172
46.45586,53.46
47.88416,52.524
49.50382,52.704
51.13084,52.344
53.26386,52.848
54.82234,53.028
55.98752,53.064
57.1136,52.92
57.74242,53.28
56.53216,54.648
52.19942,55.584
52.46116,53.964
53.12356,55.44
54.30392,57.312
52.4101,57.816
52.10374,57.024
53.42026,57.24
53.99434,57.492
54.45802,57.636
54.58682,57.996
54.602,58.032
55.00437895,58.392
54.91915789,59.724
55.68517895,60.012
54.68237895,60.912
52.80461053,60.408
52.38625263,60.408
52.58865263,61.02
52.30684211,61.272
53.00943158,61.38
56.81357778,61.812
58.28557778,60.372
59.08802222,60.264
59.42944444,59.436
60.43633333,59.04
60.04482222,58.32
60.16288889,57.672
59.9978,57.672
58.98222222,57.276
58.02491111,55.08
58.65,55.764
60.88457778,55.764
62.93566667,55.656
64.55895556,56.268
65.44777778,57.024
65.0486,57.528
63.7054,58.356
62.8222,59.22
62.45828889,59.436
63.05373333,59.436
64.51908889,58.536
65.99108889,56.556
67.46308889,56.448
69.3174,57.492
69.5888,58.284
70.24557778,59.652
70.98157778,60.984
71.60871111,60.876
71.96597778,60.552
73.1998,59.904
72.97746667,56.304
72.90846667,54
73.13335556,51.444
72.47811111,48.996
70.75413333,48.888
67.95733333,49.068
64.85744444,50.364
61.9436,50.724
60.19866667,50.94
58.57946667,50.724
58.9352,50.688
58.20482222,50.544
57.62062222,50.796
56.77831111,49.752
57.05226667,50.508
57.85982222,52.812
58.28608889,50.904
58.94235556,49.68
60.06833333,48.888
61.33333333,46.368
63.29957778,47.988
66.30223529,50.256
65.51049412,51.588
63.0108,49.212
61.14211765,50.832
59.52075294,52.848
58.30527059,54.432
58.3832,55.62
57.69049412,55.404
56.20983529,52.416
55.23734118,53.64
55.40402353,53.532
54.55329412,52.704
53.28856471,53.568
52.48221176,55.656
51.89375,57.78
51.39695,57.492
53.553775,58.824
54.47895,59.508
54.987825,58.788
56.643825,55.656
58.037625,56.268
58.420575,56.268
59.24248,56.772
57.82016,56.124
57.12464,54.468
58.64693333,53.784
59.28357333,53.568
59.99013333,53.748
61.39834667,54.864
61.69581333,56.448
62.4312,58.14
62.25456,59.616
61.75162667,60.372
61.40264,58.896
60.43112,56.952
61.14749333,55.368
61.32413333,53.676
61.39098667,51.228
62.35365714,49.32
61.69125714,47.988
61.09932308,47.88
60.37110769,48.528
59.96347692,47.88
59.86156923,47.556
59.65350769,47.88
57.55024615,48.276
57.43309091,47.628
57.31265455,47.52
57.09352727,48.132
55.11887273,48.636
54.15538182,48.96
56.55976,50.472
56.97192,50.688
57.224,51.264
58.075,53.136
59.26732,55.044
60.03368,54.324
59.9012,53.1
59.4734,52.344
59.56724,49.572
59.05664,49.5
57.06576,49.5
54.8136,50.652
53.75008,50.184
53.18724444,49.752
53.75764444,51.984
54.37813333,52.2
54.5284,53.28
54.3812,54.72
54.00604444,56.628
53.97333333,57.924
55.73973333,58.86
56.29684444,59.724
55.62217778,59.544
55.7152,58.752
53.8936,58.176
51.8305,59.652
50.84265,58.248
47.16971429,58.968
48.90457143,60.048
50.38314286,61.128
50.96931429,61.02
51.98788571,60.624
51.79862857,60.048
49.96388571,58.536
50.3424,58.068
51.5936,57.96
52.72914286,57.888
54.43245714,57.312
55.61531429,56.88
56.75085714,52.2
57.81542857,51.372
54.21165714,51.012
48.53394286,45.468
47.20914286,44.28
45.97108571,42.552
45.21405714,42.912
43.77754286,43.848
42.33104,44.712
36.16336,45.144
35.06672,45.54
34.00688,46.116
34.9646,45
33.6398,44.784
36.6206,44.712
39.6014,46.296
41.44293333,48.528
45.2732,50.328
47.9228,49.428
50.5724,50.076
53.222,50.004
55.8716,50.724
58.5212,48.96
61.1708,46.8
63.8204,48.564
65.24946667,50.256
60.87946667,51.624
53.37226667,52.776
45.86506667,54.144
44.09866667,56.124
46.74826667,57.204
49.39786667,57.348
53.04413333,54.792
51.39426667,53.172
54.04386667,52.596
56.69346667,52.128
58.85546667,51.696
60.18026667,53.316
61.33333333,54.684
61.33333333,56.736
61.33333333,57.42
69,57.888
69,59.076
68.678,59.256
62.054,59.256
55.43,57.708
57.4172,55.908
55.8118,54.36
51.175,53.82
46.5382,54
41.9014,53.424
37.2646,51.948
34.0308,50.724
34.9048,52.128
36.892,53.244
38.8792,54.684
40.8664,55.332
42.8536,54.936
44.8408,58.14
46.828,58.716
48.8152,58.788
50.8024,59.184
52.7896,60.48
54.7768,61.56
56.764,63.648
58.7512,64.728
60.7384,65.556
46,65.808
46,66.636
,
,
,
,
,
,
,
,
,
,
,
,
,
,
,
,
,
,
,
,
,
,
,
,
,
,
,
,
,
,
,
,
,
,
,
,
,
,
,
,
,
,
,
,
,
,
,
,
,
,
,
,
,
,
,
,
,
,
,
,
,
,
,
,
,
,
,
,
,
,
,
,
,
,
,
,
,
,
,
,
,
,
,
,
,
,
,
,
,
,
,
,
,
,
,
,
,
,
,
,
,
,
,
,
,
,
,
,
,
,
,
,
,
,
,
,
,
,
,
,
,
,
,
,
,
,
,
,
,
,
,
,
,
,
,
,
,
,
,
,
,
,
,
,
,
,
,
,
,
,
,
,
,
,
,
,
,
,
,
,
,
,
,
,
,
,
,
,
,
,
,
,
,
,
,
,
,
,
,
,
,
,
,
,
,
,
,
,
,
,
,
,
,
,
,
,
,
,
,
,
,
,
,
,
,
,
,
,
,
,
,
,
,
,
,
,
,
,-3.6
