MMF Speed,MMF Waiting Time
0.0,0.0
0.99,0.0
1.64,0.0
2.35,0.0
3.1,0.0
4.0,0.0
4.97,0.0
5.76,0.0
6.53,0.0
7.6,0.0
4.185,0.0
5.085,0.0
6.285,0.0
7.484999999999999,0.0
8.685,0.0
9.885,0.0
10.545,0.0
10.28,0.0
6.28,0.0
4.16,0.0
3.1733333333333333,0.0
4.373333333333333,0.0
5.573333333333333,0.0
6.7,0.0
6.666666666666667,0.0
12.545,0.0
12.217500000000001,0.0
12.8025,0.0
13.4025,0.0
13.8525,0.0
10.762,0.0
11.722,0.0
12.588000000000001,0.0
13.307999999999998,0.0
13.95,0.0
11.753333333333332,0.0
11.686666666666667,0.0
11.98666666666667,0.0
12.536666666666667,0.0
13.136666666666665,0.0
11.168571428571429,0.0
11.572857142857144,0.0
11.171428571428574,0.0
10.602857142857143,0.0
9.42125,0.0
9.671249999999999,0.0
10.57125,0.0
11.5575,0.0
12.41625,0.0
11.703333333333335,0.0
11.976666666666667,0.0
12.242222222222223,0.0
12.603333333333333,0.0
12.75111111111111,0.0
11.155999999999999,0.0
11.402000000000001,0.0
11.962,0.0
12.817000000000002,0.0
13.674000000000001,0.0
14.669090909090908,0.0
15.241818181818184,0.0
15.350909090909092,0.0
15.387272727272727,0.0
15.724545454545456,0.0
14.055,0.0
13.64583333333333,0.0
13.379166666666668,0.0
13.910000000000002,0.0
14.618333333333334,0.0
14.23230769230769,0.0
14.679230769230768,0.0
14.802307692307693,0.0
15.41692307692308,0.0
15.957692307692307,0.0
14.553571428571427,0.0
13.790714285714285,0.0
13.497142857142858,0.0
13.435000000000002,0.0
13.26857142857143,0.0
13.689333333333334,0.0
13.921333333333335,0.0
14.002666666666668,0.0
13.783999999999999,0.0
13.414666666666669,0.0
12.00375,0.0
11.556875,0.0
11.60375,0.0
12.343125,0.0
12.383529411764707,0.0
13.03,0.0
13.23470588235294,0.0
13.698235294117648,0.0
14.164705882352942,0.0
14.703529411764707,0.0
15.086470588235295,0.0
15.62764705882353,0.0
16.051176470588235,0.0
16.105294117647055,0.058823529411764705
15.877222222222223,0.1111111111111111
16.559444444444445,0.16666666666666666
17.33111111111111,0.0
17.980555555555558,0.0
18.447777777777777,0.0
17.8978947368421,0.0
18.517894736842106,0.0
18.893684210526313,0.0
18.66578947368421,0.0
18.18052631578947,0.0
17.403,0.0
16.878499999999995,0.05
16.801,0.1
16.934,0.15
16.913999999999998,0.2
16.610952380952384,0.23809523809523808
16.949999999999996,0.2857142857142857
17.04380952380952,0.3333333333333333
17.155238095238094,0.38095238095238093
17.05761904761905,0.42857142857142855
17.20285714285714,0.47619047619047616
17.334761904761905,0.5238095238095238
17.43047619047619,0.5714285714285714
17.483809523809526,0.0
17.256666666666668,0.0
17.48095238095238,0.0
17.519523809523804,0.0
17.606190476190477,0.0
17.745714285714286,0.0
17.160454545454545,0.0
16.797619047619047,0.0
17.153333333333332,0.0
17.53428571428571,0.0
18.080499999999997,0.0
17.303333333333335,0.0
17.542857142857148,0.0
17.879999999999995,0.0
18.094761904761906,0.0
18.285238095238096,0.0
18.367619047619048,0.0
18.330476190476187,0.0
18.496666666666666,0.0
18.842380952380957,0.0
18.855714285714285,0.0
17.893181818181816,0.0
18.230454545454542,0.0
18.258636363636356,0.0
18.109545454545454,0.0
18.562272727272727,0.0
18.855909090909087,0.0
19.20181818181818,0.0
19.260909090909085,0.0
19.457272727272724,0.0
19.48909090909091,0.0
18.79869565217391,0.0
18.718695652173913,0.0
18.61347826086956,0.0
18.44086956521739,0.0
18.164347826086956,0.0
17.239166666666666,0.0
17.306250000000002,0.0
17.372916666666665,0.0
17.8175,0.0
18.349999999999998,0.0
17.8292,0.0
17.7624,0.0
17.4424,0.0
17.6764,0.0
17.651200000000003,0.0
17.989615384615384,0.0
17.954615384615384,0.0
18.020384615384614,0.0
18.408846153846156,0.0
17.950370370370372,0.0
17.99888888888889,0.0
18.00307692307692,0.0
18.08230769230769,0.0
18.571923076923078,0.0
18.21037037037037,0.0
18.415925925925926,0.0
18.726923076923075,0.0
18.609615384615385,0.0
18.574615384615388,0.0
18.467777777777776,0.0
18.348518518518517,0.0
18.40814814814815,0.0
18.582592592592594,0.0
18.627037037037038,0.0
17.963571428571427,0.0
18.047142857142855,0.0
17.92892857142857,0.0
17.597142857142853,0.0
17.545714285714286,0.0
17.251724137931035,0.0
17.47758620689655,0.0
17.619310344827586,0.0
17.921724137931037,0.0
17.94551724137931,0.0
17.402333333333335,0.0
17.54133333333333,0.0
17.618999999999996,0.0
17.680333333333333,0.0
17.782,0.0
18.122666666666664,0.0
18.194999999999997,0.0
18.192999999999994,0.0
18.188333333333333,0.0
17.83066666666667,0.0
17.37833333333333,0.0
16.77,0.0
15.965666666666666,0.03333333333333333
15.503666666666668,0.1
15.187,0.16666666666666666
15.126333333333331,0.23333333333333334
15.436333333333334,0.3
15.88758620689655,0.3793103448275862
16.00413793103448,0.4482758620689655
15.927333333333332,0.5
16.046666666666667,0.5666666666666667
16.026666666666667,0.6333333333333333
15.808666666666666,0.7333333333333333
15.490666666666668,0.8333333333333334
15.099333333333334,0.9333333333333333
14.885666666666667,1.0333333333333334
14.142333333333333,0.0
14.076999999999996,0.0
14.051724137931034,0.0
14.159655172413794,0.0
14.730000000000002,0.034482758620689655
15.102758620689656,0.0
15.10586206896552,0.0
15.379655172413795,0.0
15.660689655172417,0.0
15.829655172413792,0.0
16.019310344827584,0.0
16.153793103448276,0.0
16.313448275862072,0.0
16.053793103448275,0.0
16.171724137931033,0.0
16.199310344827584,0.0
16.10896551724138,0.0
15.850000000000001,0.0
15.827931034482761,0.0
15.656896551724138,0.0
16.085714285714282,0.0
16.552857142857142,0.0
16.82857142857143,0.0
16.806428571428572,0.0
16.903928571428573,0.03571428571428571
16.7448275862069,0.06896551724137931
17.02620689655172,0.10344827586206896
16.803793103448275,0.13793103448275862
16.9151724137931,0.1724137931034483
16.89896551724138,0.20689655172413793
16.66448275862069,0.2413793103448276
16.52448275862069,0.27586206896551724
16.48862068965517,0.3103448275862069
16.432413793103446,0.3448275862068966
16.52103448275862,0.3793103448275862
16.464137931034482,0.4482758620689655
16.378275862068964,0.5172413793103449
16.536896551724134,0.5862068965517241
16.905714285714286,0.14285714285714285
16.863571428571426,0.17857142857142858
16.70892857142857,0.21428571428571427
16.502499999999998,0.25
15.529655172413795,0.27586206896551724
15.388620689655172,0.3103448275862069
15.285862068965516,0.3448275862068966
15.478275862068967,0.3793103448275862
15.603103448275862,0.41379310344827586
15.163333333333334,0.43333333333333335
15.353999999999997,0.4666666666666667
15.320666666666662,0.5333333333333333
15.26066666666667,0.6
15.331666666666667,0.6666666666666666
15.40103448275862,0.7586206896551724
15.28,0.8620689655172413
15.275714285714285,0.07142857142857142
15.626428571428573,0.0
15.927037037037037,0.0
15.547142857142857,0.0
15.693214285714287,0.0
15.974285714285713,0.03571428571428571
16.500357142857144,0.07142857142857142
16.711785714285714,0.10714285714285714
16.323793103448274,0.13793103448275862
16.39586206896552,0.1724137931034483
16.797241379310346,0.20689655172413793
17.199655172413795,0.2413793103448276
17.336206896551722,0.27586206896551724
16.715357142857144,0.32142857142857145
16.572499999999998,0.35714285714285715
16.118571428571425,0.39285714285714285
15.699285714285717,0.42857142857142855
15.174827586206899,0.4482758620689655
15.078275862068965,0.4827586206896552
15.396896551724138,0.0
15.60758620689655,0.0
15.724137931034482,0.0
15.77206896551724,0.0
15.770689655172413,0.0
16.009999999999998,0.0
16.222758620689657,0.034482758620689655
15.799285714285716,0.10714285714285714
15.126551724137931,0.20689655172413793
14.838620689655171,0.3103448275862069
14.191034482758617,0.4482758620689655
13.49586206896552,0.5862068965517241
13.054137931034484,0.7241379310344828
12.446000000000002,0.8333333333333334
12.604999999999997,0.9666666666666667
13.02233333333333,0.9
13.224333333333332,1.0
13.388275862068967,1.1379310344827587
13.438620689655174,1.2413793103448276
13.643103448275864,0.4482758620689655
13.697142857142856,0.5
13.630714285714287,0.5357142857142857
13.58777777777778,0.5925925925925926
13.358214285714288,0.6071428571428571
13.653928571428574,0.6428571428571429
13.893928571428571,0.6785714285714286
14.175357142857143,0.7142857142857143
14.266428571428573,0.75
13.836666666666666,0.8148148148148148
14.150384615384613,0.8846153846153846
14.649999999999999,0.9230769230769231
14.840384615384616,0.9615384615384616
15.139999999999999,1.0
14.763703703703705,1.0
15.278518518518517,1.037037037037037
16.088,0.0
16.4636,0.0
16.736,0.0
16.969600000000003,0.0
17.481600000000004,0.0
17.9864,0.0
18.301199999999998,0.0
17.857307692307696,0.0
18.271923076923077,0.0
18.694,0.0
18.8668,0.0
19.398799999999998,0.0
19.788,0.0
19.8696,0.0
19.928800000000003,0.0
19.794,0.0
19.5884,0.0
19.3196,0.0
18.2724,0.0
17.995600000000003,0.04
17.8376,0.0
17.802799999999998,0.0
17.317307692307693,0.0
17.56230769230769,0.0
17.379230769230766,0.0
17.120384615384616,0.0
16.751153846153844,0.0
15.829999999999998,0.037037037037037035
15.57814814814815,0.0
15.495384615384612,0.038461538461538464
15.353846153846156,0.07692307692307693
14.803199999999999,0.16
14.6432,0.24
14.8628,0.32
15.0804,0.4
15.0056,0.48
15.13,0.56
14.94846153846154,0.2692307692307692
15.489615384615384,0.3076923076923077
16.163846153846155,0.34615384615384615
16.5164,0.4
17.209166666666665,0.4583333333333333
17.448,0.48
17.724,0.52
17.872799999999998,0.56
17.7216,0.6
17.492,0.64
17.111153846153844,0.6538461538461539
16.83153846153846,0.6923076923076923
16.73923076923077,0.7307692307692307
17.113999999999997,0.8
17.3532,0.84
17.734,0.88
18.0732,0.92
18.4252,0.0
18.557199999999998,0.0
17.928461538461537,0.0
17.958076923076923,0.038461538461538464
17.86576923076923,0.07692307692307693
17.751153846153848,0.11538461538461539
17.819615384615382,0.15384615384615385
17.86769230769231,0.19230769230769232
17.71153846153846,0.23076923076923078
17.837307692307693,0.2692307692307692
17.858076923076926,0.3076923076923077
17.586153846153845,0.34615384615384615
16.58703703703704,0.37037037037037035
16.26888888888889,0.4074074074074074
16.05074074074074,0.4444444444444444
16.132222222222225,0.48148148148148145
15.933846153846154,0.5384615384615384
15.713076923076924,0.5769230769230769
16.285199999999996,0.64
15.985199999999997,0.68
16.288400000000003,0.72
16.444000000000003,0.76
15.878846153846155,0.7692307692307693
16.068076923076923,0.8461538461538461
16.26730769230769,0.9230769230769231
16.5028,1.04
16.514000000000003,1.12
16.048076923076923,1.1538461538461537
16.066,1.28
15.6896,1.4
15.435599999999999,1.52
15.2916,1.64
15.156923076923078,1.6923076923076923
15.05,1.8076923076923077
15.091923076923077,1.9230769230769231
15.176153846153845,2.0384615384615383
15.158846153846156,2.1538461538461537
15.257200000000003,2.36
15.506400000000001,1.04
15.542,0.44
15.492,0.48
15.066923076923077,0.5
15.207307692307692,0.5384615384615384
15.29076923076923,0.5769230769230769
15.166153846153849,0.6153846153846154
15.512692307692312,0.6923076923076923
15.367777777777778,0.7407407407407407
15.864444444444446,0.8148148148148148
16.293333333333333,0.7407407407407407
16.920384615384616,0.8076923076923077
17.040000000000003,0.9166666666666666
17.734583333333333,0.9583333333333334
17.66875,1.0
17.6475,1.0416666666666667
17.875416666666666,0.0
18.21291666666667,0.0
17.767599999999998,0.0
17.6856,0.0
17.5784,0.0
17.6036,0.0
17.8532,0.0
17.526153846153846,0.0
17.89076923076923,0.0
18.288076923076922,0.0
18.45269230769231,0.0
18.51230769230769,0.0
18.76962962962963,0.0
18.508518518518525,0.0
18.348148148148148,0.037037037037037035
18.051851851851854,0.07407407407407407
17.872962962962966,0.1111111111111111
17.734814814814815,0.14814814814814814
17.684814814814814,0.18518518518518517
17.87,0.2222222222222222
17.960740740740743,0.25925925925925924
17.602592592592593,0.2962962962962963
16.12642857142857,0.32142857142857145
15.903571428571427,0.35714285714285715
15.775714285714283,0.39285714285714285
15.494642857142859,0.42857142857142855
15.056206896551725,0.4482758620689655
15.227241379310346,0.4827586206896552
15.344482758620687,0.5172413793103449
15.69551724137931,0.5517241379310345
15.951034482758624,0.5862068965517241
15.652000000000003,0.6
16.095000000000002,0.6333333333333333
16.524999999999995,0.6666666666666666
17.00172413793104,0.7241379310344828
17.396428571428572,0.7857142857142857
17.571785714285717,0.8214285714285714
17.5225,0.8571428571428571
17.423928571428572,0.0
16.895714285714284,0.0
16.619642857142857,0.0
15.678275862068967,0.0
15.671785714285715,0.03571428571428571
15.575,0.07142857142857142
15.920357142857142,0.10714285714285714
16.271428571428572,0.14285714285714285
16.38344827586207,0.1724137931034483
16.372413793103444,0.20689655172413793
16.311034482758615,0.2413793103448276
16.361379310344827,0.27586206896551724
16.257586206896548,0.3103448275862069
16.58535714285714,0.35714285714285715
16.451428571428572,0.39285714285714285
16.09107142857143,0.42857142857142855
15.905357142857142,0.0
15.89928571428571,0.0
15.272413793103446,0.0
14.794285714285715,0.0
14.89285714285714,0.0
15.131428571428573,0.0
15.150357142857143,0.0
15.541428571428568,0.0
15.955714285714285,0.0
16.426785714285714,0.0
16.704642857142858,0.0
16.316785714285714,0.0
16.483703703703704,0.0
16.276666666666667,0.0
16.416296296296295,0.0
16.65740740740741,0.0
16.26037037037037,0.0
16.433703703703703,0.0
16.910000000000004,0.0
17.097407407407406,0.0
16.935925925925925,0.0
16.167142857142856,0.0
15.911785714285713,0.0
16.328214285714285,0.0
16.61714285714286,0.0
16.66821428571429,0.0
15.941724137931034,0.0
15.96103448275862,0.0
15.980344827586206,0.0
16.39107142857143,0.0
16.589285714285715,0.0
16.636206896551723,0.0
16.662068965517243,0.0
16.428965517241377,0.0
16.09655172413793,0.034482758620689655
15.882758620689655,0.06896551724137931
15.322333333333335,0.1
15.182999999999998,0.13333333333333333
14.953666666666667,0.2
15.325666666666669,0.26666666666666666
15.898666666666664,0.3333333333333333
16.270333333333333,0.4
16.860999999999997,0.4666666666666667
17.387999999999998,0.5333333333333333
17.617,0.6
17.728666666666665,0.6666666666666666
17.862,0.7333333333333333
17.973666666666666,0.8
18.066999999999997,0.8666666666666667
17.709999999999997,0.9333333333333333
17.704666666666665,1.0
17.59033333333333,1.0666666666666667
16.751379310344827,1.206896551724138
16.905714285714286,1.3571428571428572
16.5625,0.0
16.032758620689652,0.0
16.38068965517241,0.0
16.485172413793105,0.0
16.76571428571429,0.0
17.003214285714286,0.0
16.36310344827586,0.0
16.545862068965516,0.0
16.635172413793097,0.0
16.99551724137931,0.0
17.54607142857143,0.0
16.752068965517243,0.0
16.62379310344828,0.0
16.402758620689653,0.0
16.369642857142857,0.0
16.266428571428573,0.0
15.539285714285715,0.0
15.999642857142858,0.0
16.388214285714287,0.0
16.917857142857144,0.0
17.4675,0.0
17.437777777777775,0.0
17.764814814814812,0.0
17.94925925925926,0.0
17.965925925925927,0.0
17.88888888888889,0.0
17.48962962962963,0.0
17.657777777777778,0.0
17.715185185185184,0.0
17.976296296296297,0.0
17.9237037037037,0.0
18.172962962962966,0.0
18.20888888888889,0.0
17.969629629629626,0.0
18.05,0.0
17.969629629629626,0.0
17.659629629629627,0.0
17.145925925925923,0.0
16.665185185185187,0.0
16.467692307692307,0.0
16.08153846153846,0.0
15.866923076923076,0.0
15.797307692307694,0.0
16.023076923076925,0.0
16.349230769230765,0.0
16.474444444444444,0.0
16.857777777777777,0.0
16.794444444444448,0.0
16.79296296296296,0.0
17.094814814814814,0.0
17.12714285714286,0.0
17.12964285714286,0.0
16.886785714285715,0.0
16.67851851851852,0.0
16.74074074074074,0.0
16.951111111111114,0.0
17.374444444444446,0.0
17.625555555555554,0.0
18.025384615384613,0.0
17.965384615384618,0.0
17.255555555555556,0.0
17.374814814814812,0.0
17.325925925925926,0.0
16.965555555555557,0.0
17.011111111111113,0.0
16.455714285714283,0.0
16.344642857142855,0.0
16.296666666666667,0.0
16.17666666666667,0.0
15.702307692307695,0.0
15.087407407407408,0.0
14.964074074074073,0.0
14.833333333333334,0.0
14.99888888888889,0.0
15.239999999999998,0.0
14.806785714285715,0.0
14.808214285714286,0.0
15.198214285714288,0.0
15.423928571428572,0.0
15.74962962962963,0.0
15.851481481481482,0.0
15.707777777777775,0.0
15.04928571428571,0.0
15.002962962962961,0.0
14.263571428571428,0.0
14.033928571428573,0.0
13.927857142857144,0.0
13.858214285714284,0.0
13.461071428571428,0.0
12.785185185185187,0.0
13.162222222222223,0.0
13.484814814814817,0.0
13.77125,0.0
14.204583333333334,0.0
14.478333333333332,0.0
15.220416666666667,0.0
15.874166666666667,0.0
16.63695652173913,0.0
16.891304347826086,0.0
16.636521739130433,0.0
17.140869565217393,0.0
17.428260869565214,0.0
16.921818181818182,0.0
16.978181818181817,0.0
16.971363636363638,0.045454545454545456
17.494545454545456,0.09090909090909091
18.023809523809526,0.14285714285714285
18.037142857142857,0.0
17.999999999999996,0.0
17.805238095238096,0.0
17.091500000000003,0.0
16.449,0.0
16.311500000000002,0.0
16.3915,0.0
15.80142857142857,0.0
16.049047619047617,0.0
16.08809523809524,0.0
16.43,0.0
16.736666666666665,0.0
16.03863636363636,0.0
16.16590909090909,0.0
16.288181818181815,0.0
16.09181818181818,0.0
16.037272727272725,0.0
16.136086956521737,0.0
16.69173913043478,0.0
17.2095652173913,0.0
17.381363636363634,0.0
17.49181818181818,0.0
17.427,0.0
17.843157894736844,0.0
17.969473684210527,0.0
17.568947368421053,0.0
16.3805,0.0
16.447499999999998,0.0
16.804,0.0
17.027,0.0
17.392500000000002,0.0
16.785714285714285,0.0
16.997619047619047,0.0
17.50380952380952,0.0
17.83095238095238,0.0
17.75952380952381,0.0
17.380000000000003,0.0
16.833333333333332,0.0
16.768571428571427,0.0
16.598095238095237,0.0
16.725714285714286,0.0
16.114545454545453,0.0
16.015454545454546,0.0
16.14545454545454,0.0
16.452272727272728,0.0
16.326363636363634,0.0
15.101739130434783,0.0
14.536956521739128,0.043478260869565216
14.537391304347825,0.08695652173913043
14.763478260869565,0.13043478260869565
14.992173913043478,0.17391304347826086
14.14125,0.20833333333333334
14.191249999999998,0.25
14.103043478260867,0.34782608695652173
13.586956521739133,0.43478260869565216
13.300869565217392,0.5217391304347826
13.092173913043478,0.6521739130434783
13.269565217391303,0.6956521739130435
13.664782608695656,0.5217391304347826
14.251739130434784,0.6086956521739131
14.307916666666666,0.5833333333333334
14.816086956521739,0.6521739130434783
15.102608695652169,0.6956521739130435
15.126956521739132,0.7391304347826086
15.196521739130436,0.782608695652174
14.8725,0.7916666666666666
15.186666666666667,0.8333333333333334
15.53125,0.875
15.537916666666666,0.9166666666666666
15.532916666666667,0.9583333333333334
14.838,0.96
14.7632,1.0
14.432399999999998,1.04
14.330800000000002,1.08
14.17,1.12
13.593200000000001,0.08
13.5952,0.08
13.3956,0.12
13.294400000000001,0.16
13.373600000000001,0.2
13.188846153846153,0.23076923076923078
13.564999999999998,0.2692307692307692
13.763846153846153,0.3076923076923077
13.836923076923076,0.34615384615384615
13.915769230769229,0.38461538461538464
13.487692307692308,0.46153846153846156
13.494230769230768,0.5384615384615384
14.123846153846152,0.6153846153846154
14.879615384615384,0.6923076923076923
15.590000000000002,0.7692307692307693
16.383076923076924,0.8461538461538461
17.03923076923077,0.9230769230769231
17.57923076923077,1.0
18.11846153846154,1.0769230769230769
18.23576923076923,0.38461538461538464
18.316153846153846,0.0
18.654999999999998,0.0
19.001153846153844,0.0
19.126538461538463,0.0
19.235,0.0
18.64296296296296,0.0
18.38851851851852,0.0
17.2896,0.0
16.945600000000002,0.0
16.248461538461537,0.038461538461538464
16.39423076923077,0.07692307692307693
16.650384615384617,0.15384615384615385
17.037692307692307,0.23076923076923078
17.391538461538463,0.3076923076923077
17.094814814814814,0.37037037037037035
17.079615384615384,0.2692307692307692
16.93153846153846,0.3076923076923077
16.978846153846153,0.34615384615384615
17.2152,0.4
16.575769230769232,0.4230769230769231
16.851153846153846,0.46153846153846156
17.165384615384614,0.5
17.392692307692307,0.5384615384615384
17.853846153846153,0.5769230769230769
17.644814814814815,0.5925925925925926
18.02259259259259,0.6296296296296297
18.53518518518518,0.6666666666666666
18.742222222222225,0.7037037037037037
18.801111111111112,0.7407407407407407
18.06925925925926,0.7777777777777778
17.55962962962963,0.8148148148148148
17.367037037037033,0.8518518518518519
17.726296296296297,0.8888888888888888
18.105555555555558,0.9259259259259259
17.96962962962963,0.0
18.184814814814814,0.0
18.01666666666667,0.037037037037037035
17.77962962962963,0.07407407407407407
17.557407407407407,0.1111111111111111
16.69892857142857,0.14285714285714285
16.534642857142856,0.17857142857142858
16.423571428571428,0.21428571428571427
16.239642857142858,0.25
16.012592592592597,0.3333333333333333
15.37857142857143,0.39285714285714285
14.955185185185186,0.5185185185185185
14.852222222222222,0.6296296296296297
14.704444444444444,0.7407407407407407
14.006428571428572,0.8214285714285714
14.028214285714286,0.9285714285714286
14.081071428571429,1.0357142857142858
13.935,1.1428571428571428
13.749285714285717,1.25
13.553214285714287,0.9642857142857143
13.156785714285716,1.0357142857142858
13.130714285714285,1.1071428571428572
13.044642857142858,1.1785714285714286
13.319642857142858,1.25
13.264137931034481,1.2758620689655173
13.492758620689655,1.3448275862068966
13.403214285714288,1.4642857142857142
13.799642857142858,1.5357142857142858
13.924642857142855,1.6071428571428572
13.962413793103446,1.6206896551724137
14.438965517241382,1.6896551724137931
14.64758620689655,1.7586206896551724
14.582758620689654,1.8275862068965518
14.84206896551724,1.896551724137931
14.805000000000001,2.0357142857142856
15.487857142857141,0.0
15.936785714285714,0.0
16.5225,0.0
16.900714285714283,0.0
17.085714285714285,0.0
17.39142857142857,0.0
17.713571428571427,0.0
17.523214285714282,0.0
17.42642857142857,0.0
17.11206896551724,0.0
17.40068965517241,0.0
17.424482758620687,0.0
17.407241379310346,0.0
17.481034482758623,0.0
17.069666666666663,0.0
17.27172413793103,0.0
17.152758620689653,0.0
17.049655172413793,0.0
16.919642857142858,0.0
16.876785714285713,0.0
16.913703703703703,0.0
16.907407407407405,0.037037037037037035
16.71740740740741,0.0
15.997407407407408,0.0
16.354074074074074,0.0
16.955185185185183,0.0
17.352962962962962,0.0
17.56037037037037,0.0
16.872857142857146,0.0
16.555,0.0
16.194285714285716,0.0
15.703214285714287,0.0
15.459285714285715,0.0
14.852758620689656,0.0
14.84142857142857,0.0
14.808214285714284,0.0
14.818928571428572,0.0
14.61892857142857,0.0
14.567142857142855,0.0
14.665357142857141,0.0
14.675714285714283,0.0
15.19555555555556,0.0
15.196296296296298,0.0
15.58148148148148,0.0
15.970370370370368,0.0
16.008518518518517,0.0
16.017407407407408,0.0
16.248076923076923,0.0
15.803333333333335,0.0
16.03925925925926,0.0
16.35185185185185,0.0
16.96346153846154,0.0
17.322307692307692,0.0
16.974814814814813,0.0
17.354444444444443,0.0
17.395925925925926,0.0
17.721481481481483,0.0
17.972962962962963,0.0
18.00037037037037,0.0
18.282592592592593,0.0
18.244814814814813,0.0
18.112592592592595,0.0
17.797307692307694,0.0
17.869615384615386,0.0
17.9984,0.0
17.8312,0.0
17.442000000000004,0.0
16.189615384615387,0.0
15.471538461538461,0.0
14.89423076923077,0.0
14.400769230769232,0.0
13.964615384615387,0.0
13.765769230769232,0.0
13.947692307692307,0.0
14.512692307692305,0.0
15.095769230769232,0.0
15.743846153846153,0.0
15.98037037037037,0.0
16.63259259259259,0.0
17.306666666666665,0.0
17.86692307692308,0.0
18.512307692307694,0.0
18.72730769230769,0.0
18.64230769230769,0.0
18.485384615384614,0.0
18.048846153846153,0.038461538461538464
17.638461538461538,0.07692307692307693
16.59111111111111,0.1111111111111111
16.444444444444443,0.14814814814814814
16.296296296296298,0.18518518518518517
15.99740740740741,0.2222222222222222
15.77076923076923,0.2692307692307692
15.355925925925924,0.0
15.792222222222222,0.0
16.35259259259259,0.0
16.49851851851852,0.0
16.832962962962963,0.0
16.56964285714286,0.0
16.578928571428573,0.0
16.409642857142856,0.0
16.798214285714284,0.0
17.116785714285715,0.0
16.78206896551724,0.0
17.017931034482757,0.034482758620689655
17.201724137931034,0.06896551724137931
17.370689655172413,0.10344827586206896
16.908333333333335,0.13333333333333333
17.229333333333333,0.16666666666666666
17.348,0.0
17.478333333333335,0.0
17.719655172413795,0.0
17.31241379310345,0.0
17.66448275862069,0.0
18.180689655172415,0.0
18.57137931034483,0.0
18.536896551724137,0.0
18.095000000000002,0.0
18.692758620689656,0.0
18.851724137931033,0.0
18.882758620689657,0.0
18.717241379310344,0.0
18.046666666666667,0.0
18.050000000000004,0.0
17.87966666666666,0.0
17.486333333333334,0.0
17.244666666666667,0.0
16.943,0.0
16.781333333333333,0.0
16.807666666666666,0.0
16.893666666666668,0.0
16.88866666666667,0.0
16.625,0.0
16.691666666666666,0.0
16.770333333333333,0.0
16.985333333333337,0.0
16.765333333333334,0.0
16.151999999999997,0.0
16.139,0.0
15.885666666666664,0.0
16.002666666666666,0.0
16.131666666666668,0.0
16.06433333333333,0.03333333333333333
15.967,0.1
15.57233333333333,0.16666666666666666
15.391000000000002,0.23333333333333334
15.201666666666666,0.3
15.148333333333332,0.2
15.25133333333333,0.23333333333333334
15.296,0.26666666666666666
15.504,0.3
15.703333333333331,0.3333333333333333
16.34275862068965,0.3793103448275862
16.12178571428571,0.42857142857142855
15.770714285714288,0.4642857142857143
15.594285714285714,0.5
15.046896551724137,0.5172413793103449
14.721724137931036,0.5517241379310345
14.604482758620689,0.5862068965517241
14.80357142857143,0.6785714285714286
14.762142857142857,0.75
14.47551724137931,0.7931034482758621
14.6351724137931,0.8620689655172413
14.679310344827584,0.1724137931034483
15.049310344827589,0.20689655172413793
15.458620689655174,0.2413793103448276
15.410666666666666,0.26666666666666666
15.884482758620688,0.3103448275862069
16.293103448275858,0.3448275862068966
16.80464285714286,0.39285714285714285
16.9525,0.42857142857142855
16.834074074074074,0.48148148148148145
16.85148148148148,0.5185185185185185
17.237407407407407,0.5555555555555556
17.527777777777775,0.5925925925925926
17.421111111111113,0.6296296296296297
17.2792,0.72
17.2452,0.76
17.04,0.8
16.7132,0.84
16.563200000000002,0.88
16.351538461538464,0.8846153846153846
16.793846153846154,0.0
17.19076923076923,0.0
17.30076923076923,0.0
17.348846153846154,0.0
16.118148148148148,0.0
15.667777777777777,0.0
15.253333333333332,0.037037037037037035
15.065925925925926,0.07407407407407407
14.92785714285714,0.10714285714285714
15.061428571428573,0.14285714285714285
15.272500000000003,0.17857142857142858
15.555357142857142,0.21428571428571427
15.767857142857142,0.25
15.761785714285713,0.2857142857142857
15.55035714285714,0.32142857142857145
15.527407407407408,0.37037037037037035
15.895384615384616,0.4230769230769231
16.124615384615385,0.46153846153846156
16.4448,0.52
16.166,0.56
16.097199999999997,0.6
16.3052,0.64
16.378333333333334,0.7083333333333334
16.0592,0.72
16.0004,0.76
15.7028,0.8
15.867600000000003,0.84
15.8016,0.88
15.112692307692308,0.8846153846153846
15.198076923076922,0.9230769230769231
15.338461538461537,0.9615384615384616
15.69346153846154,1.0
16.040769230769232,1.0384615384615385
16.82074074074074,1.037037037037037
17.07259259259259,1.0740740740740742
17.151111111111113,1.1111111111111112
17.002222222222226,1.1481481481481481
16.87037037037037,0.0
16.496785714285714,0.0
16.508928571428573,0.0
16.15142857142857,0.0
16.206296296296298,0.0
16.06,0.0
15.174999999999999,0.0
14.755714285714285,0.0
14.853703703703703,0.0
15.150740740740742,0.0
15.367777777777778,0.0
15.607777777777779,0.0
16.0752,0.0
16.347199999999997,0.0
16.7088,0.0
17.04375,0.0
17.125652173913043,0.0
16.95608695652174,0.0
17.249090909090906,0.0
17.44545454545454,0.045454545454545456
16.974782608695648,0.08695652173913043
17.270434782608696,0.13043478260869565
17.525652173913038,0.17391304347826086
17.596086956521738,0.21739130434782608
17.425217391304347,0.2608695652173913
16.237916666666667,0.2916666666666667
16.0925,0.3333333333333333
16.34958333333333,0.375
16.53291666666667,0.4166666666666667
16.54625,0.4583333333333333
16.221666666666668,0.5
16.157500000000002,0.5416666666666666
15.819166666666666,0.5833333333333334
15.408333333333333,0.625
15.130416666666667,0.0
14.558333333333332,0.0
13.943333333333333,0.0
13.802083333333334,0.0
13.440416666666666,0.0
13.540416666666667,0.0
13.135833333333332,0.0
13.1875,0.0
13.200833333333335,0.0
13.116666666666667,0.0
12.926666666666668,0.0
12.706000000000001,0.0
12.592500000000001,0.0
12.973043478260866,0.0
13.303478260869566,0.0
13.259999999999998,0.0
12.742173913043478,0.0
12.972173913043477,0.0
13.414347826086955,0.0
13.870434782608697,0.0
13.679166666666667,0.0
14.003333333333332,0.0
13.91125,0.0
13.960416666666667,0.0
13.869166666666667,0.0
13.201600000000001,0.0
13.5372,0.0
14.0288,0.0
14.827600000000002,0.0
15.586400000000001,0.0
15.380000000000003,0.0
15.718461538461536,0.0
16.294615384615383,0.0
16.38692307692308,0.0
16.571923076923078,0.0
15.911481481481482,0.0
15.797777777777776,0.0
15.974444444444444,0.0
16.145185185185188,0.0
16.29851851851852,0.0
16.415925925925926,0.0
16.293703703703702,0.0
16.513846153846153,0.0
16.8092,0.0
17.0648,0.0
16.783076923076923,0.038461538461538464
16.903076923076924,0.07692307692307693
16.464999999999996,0.11538461538461539
16.28,0.15384615384615385
15.750800000000002,0.2
15.10576923076923,0.23076923076923078
15.218461538461538,0.2692307692307692
15.137692307692305,0.3076923076923077
15.499615384615385,0.34615384615384615
15.490384615384615,0.38461538461538464
14.472222222222221,0.4074074074074074
14.52037037037037,0.4444444444444444
14.411851851851848,0.48148148148148145
14.02423076923077,0.0
14.254615384615388,0.0
14.231481481481481,0.0
14.72111111111111,0.0
15.05259259259259,0.0
15.43740740740741,0.0
16.288214285714286,0.0
16.861785714285713,0.0
17.616666666666667,0.0
18.16846153846154,0.0
18.676538461538463,0.0
18.473703703703706,0.0
19.171923076923076,0.0
19.525769230769228,0.0
20.141200000000005,0.0
20.1412,0.0
19.3308,0.0
19.458,0.0
19.6636,0.0
19.7192,0.0
19.3264,0.0
18.193076923076923,0.0
17.87153846153846,0.0
17.51576923076923,0.0
17.311153846153847,0.0
17.08230769230769,0.0
16.19074074074074,0.0
16.135185185185183,0.037037037037037035
16.144814814814815,0.07407407407407407
15.906666666666668,0.1111111111111111
15.681111111111113,0.14814814814814814
15.631785714285714,0.17857142857142858
15.917499999999999,0.21428571428571427
16.286785714285713,0.25
16.801071428571426,0.2857142857142857
17.19857142857143,0.32142857142857145
17.169310344827586,0.3448275862068966
17.756666666666664,0.4074074074074074
17.72,0.4444444444444444
17.567037037037036,0.48148148148148145
17.50111111111111,0.5185185185185185
17.200357142857143,0.5357142857142857
17.411428571428573,0.6071428571428571
17.211428571428574,0.6785714285714286
17.06642857142857,0.75
16.578275862068967,0.7931034482758621
16.748275862068965,0.8620689655172413
16.82448275862069,0.9310344827586207
16.808620689655175,1.0
16.773793103448277,1.0689655172413792
16.326999999999998,1.1
16.209,1.1666666666666667
15.473000000000003,1.2333333333333334
14.774666666666668,1.3
14.833666666666668,1.3666666666666667
14.681333333333335,1.4333333333333333
14.634000000000002,1.5
14.908333333333333,1.5666666666666667
14.889999999999999,1.6333333333333333
14.812666666666665,0.6
15.009666666666664,0.6333333333333333
15.101666666666667,0.7
15.385666666666669,0.7666666666666667
15.559999999999999,0.8333333333333334
15.327666666666666,0.9
15.073,0.9666666666666667
14.64466666666667,1.0666666666666667
14.525333333333334,1.1666666666666667
14.783,1.0
14.927333333333333,1.0666666666666667
15.417000000000003,1.1333333333333333
16.048,1.2
16.557,1.2666666666666666
16.991,1.3333333333333333
17.347,1.4
17.626333333333335,0.3333333333333333
17.669333333333334,0.36666666666666664
17.957333333333334,0.4
18.137999999999998,0.43333333333333335
17.369000000000003,0.0
17.222,0.03333333333333333
17.217666666666666,0.1
17.142666666666667,0.16666666666666666
17.093666666666664,0.26666666666666666
17.268333333333334,0.3
17.197666666666667,0.36666666666666664
17.130999999999997,0.43333333333333335
17.022333333333336,0.5
16.732000000000003,0.5666666666666667
16.455333333333336,0.6333333333333333
16.133666666666667,0.7
15.623999999999999,0.7666666666666667
15.354000000000001,0.8333333333333334
15.366999999999999,0.9
15.346333333333332,0.9666666666666667
15.209666666666665,1.0333333333333334
14.941333333333331,1.1
14.855666666666666,1.1666666666666667
14.635333333333332,1.2666666666666666
14.447,1.4
14.524999999999999,1.5333333333333334
14.631333333333334,1.6666666666666667
14.625666666666666,1.8
14.722,1.9333333333333333
14.805333333333332,2.1
14.968666666666667,2.2666666666666666
15.115,2.433333333333333
15.149999999999999,2.6
14.960666666666667,2.7666666666666666
14.75533333333333,2.933333333333333
14.639,3.1
14.560666666666666,3.2666666666666666
14.277666666666667,3.433333333333333
14.30133333333333,2.466666666666667
13.919,1.4666666666666666
14.341333333333333,1.6
14.864333333333333,1.7333333333333334
15.193333333333333,1.8666666666666667
15.332,2.0
15.547999999999998,2.1333333333333333
15.358,2.2666666666666666
14.952666666666667,2.4
14.798666666666668,2.533333333333333
14.978333333333333,2.7
15.111666666666668,2.8666666666666667
15.344333333333333,3.033333333333333
15.316666666666666,3.2
15.431666666666667,3.3666666666666667
15.387333333333334,3.533333333333333
15.680666666666667,0.5
16.043,0.5333333333333333
16.683,0.5666666666666667
17.21633333333333,0.6
17.654999999999998,0.6333333333333333
17.773666666666664,0.6666666666666666
17.80333333333333,0.7
18.285999999999998,0.7333333333333333
18.702333333333332,0.7666666666666667
19.06633333333333,0.8
19.184,0.8333333333333334
19.02433333333333,0.8666666666666667
18.897333333333332,0.9
18.53366666666666,0.9333333333333333
18.14933333333333,0.9666666666666667
17.619999999999997,1.0
17.137666666666668,1.0333333333333334
16.424333333333333,1.1
15.778999999999998,1.1666666666666667
15.528666666666663,0.1
15.347333333333333,0.0
15.097000000000003,0.03333333333333333
14.955,0.06666666666666667
15.113000000000001,0.1
15.37833333333333,0.13333333333333333
15.748999999999997,0.0
16.11733333333333,0.0
16.065,0.0
16.155,0.0
15.494999999999997,0.0
15.348999999999997,0.03333333333333333
14.842999999999998,0.06666666666666667
14.780000000000001,0.13333333333333333
14.712666666666667,0.2
14.604999999999999,0.26666666666666666
14.13833333333333,0.2
13.928333333333333,0.23333333333333334
14.071666666666667,0.26666666666666666
14.157333333333332,0.3
13.941333333333331,0.3333333333333333
14.002999999999997,0.36666666666666664
14.293999999999999,0.4
14.513666666666666,0.4666666666666667
13.129,0.5333333333333333
13.137999999999996,0.5
12.881666666666666,0.5333333333333333
12.411666666666665,0.5666666666666667
12.334666666666669,0.6
12.466666666666667,0.6333333333333333
12.760666666666664,0.7
13.408666666666663,0.7
14.749333333333334,0.7333333333333333
15.081000000000001,0.7666666666666667
15.511666666666665,0.8
15.669000000000004,0.0
16.039,0.0
16.265,0.0
16.340999999999998,0.0
16.369666666666664,0.0
16.402,0.0
16.290000000000003,0.0
16.142,0.0
15.960666666666665,0.0
16.097,0.0
15.892,0.0
16.052,0.0
16.49533333333333,0.0
16.735666666666667,0.0
16.736666666666668,0.0
16.729333333333333,0.0
16.721666666666664,0.0
17.025,0.0
16.524333333333335,0.0
16.377333333333333,0.0
15.849666666666666,0.0
16.099999999999998,0.0
16.328,0.0
16.466,0.0
16.791999999999998,0.0
16.868333333333332,0.0
16.947333333333333,0.0
17.320333333333334,0.0
17.516000000000002,0.0
17.59466666666667,0.0
17.566666666666666,0.0
17.49566666666667,0.0
17.424666666666663,0.03333333333333333
17.000666666666667,0.06666666666666667
16.828333333333333,0.1
16.64033333333333,0.13333333333333333
16.284666666666666,0.16666666666666666
15.810666666666668,0.2
15.200333333333333,0.23333333333333334
15.282999999999998,0.26666666666666666
15.395333333333333,0.3
15.589666666666668,0.3333333333333333
15.424666666666667,0.4
15.103,0.4666666666666667
14.92933333333333,0.5333333333333333
14.82,0.6333333333333333
14.840666666666667,0.7333333333333333
14.733,0.8333333333333334
14.962000000000002,0.7
15.452,0.8
15.93166666666667,0.9
16.336000000000002,1.0
16.66566666666667,1.1
16.680666666666667,1.2
16.633,0.2
16.351333333333333,0.23333333333333334
15.65533333333333,0.26666666666666666
15.147333333333334,0.3
15.142333333333333,0.3333333333333333
15.242999999999999,0.36666666666666664
15.308666666666666,0.0
15.722333333333333,0.0
15.969333333333331,0.0
16.09533333333333,0.0
16.41133333333333,0.0
16.593333333333334,0.0
16.779333333333334,0.0
16.649333333333335,0.0
16.28833333333333,0.0
16.352666666666664,0.0
16.62033333333333,0.03333333333333333
16.231333333333332,0.06666666666666667
16.67833333333333,0.1
16.80933333333333,0.13333333333333333
17.262666666666668,0.16666666666666666
17.450999999999997,0.2
17.732000000000003,0.23333333333333334
17.50133333333333,0.26666666666666666
17.433333333333334,0.3
17.127,0.3333333333333333
16.902,0.36666666666666664
16.96966666666667,0.4
16.880333333333333,0.43333333333333335
16.851333333333333,0.5
17.074666666666666,0.5666666666666667
16.956666666666667,0.6333333333333333
16.41266666666667,0.7
16.015,0.7666666666666667
15.901666666666666,0.6333333333333333
15.289333333333333,0.6666666666666666
15.076666666666666,0.7
14.832333333333333,0.7333333333333333
13.944999999999999,0.7666666666666667
13.388333333333332,0.8
12.644,0.8333333333333334
11.804666666666664,0.9
10.874333333333333,0.13333333333333333
10.76933333333333,0.23333333333333334
10.294,0.3333333333333333
10.673666666666668,0.3
11.420333333333332,0.36666666666666664
11.890333333333334,0.43333333333333335
12.258333333333331,0.5
12.702333333333332,0.5666666666666667
13.173666666666664,0.3333333333333333
13.933666666666669,0.36666666666666664
14.517666666666665,0.4
14.917666666666666,0.43333333333333335
14.643999999999998,0.0
15.084333333333332,0.0
15.353666666666667,0.0
15.481000000000002,0.0
15.610666666666667,0.0
15.875333333333334,0.0
16.066999999999997,0.03333333333333333
16.054333333333332,0.0
16.030666666666665,0.0
16.037666666666663,0.0
16.080000000000002,0.0
16.14033333333333,0.0
16.000999999999998,0.0
15.189333333333334,0.0
15.294666666666666,0.0
15.246999999999998,0.0
15.169999999999998,0.0
15.672666666666666,0.0
15.948666666666666,0.0
16.291333333333334,0.0
16.63866666666667,0.0
16.513333333333335,0.0
16.512999999999998,0.0
16.620666666666665,0.03333333333333333
16.600666666666665,0.06666666666666667
16.502,0.1
16.169666666666668,0.13333333333333333
15.888000000000002,0.2
15.790999999999999,0.26666666666666666
15.671999999999999,0.3333333333333333
15.415333333333333,0.4
15.663333333333332,0.4666666666666667
15.817,0.5333333333333333
15.842333333333332,0.6
15.720999999999998,0.6666666666666666
15.727666666666664,0.7333333333333333
15.246,0.8
15.048666666666664,0.8666666666666667
14.921999999999997,0.4
15.014666666666667,0.43333333333333335
15.005999999999998,0.4666666666666667
14.830666666666668,0.5333333333333333
14.895333333333333,0.6
15.211,0.6666666666666666
15.482333333333335,0.7666666666666667
15.237666666666666,0.8666666666666667
14.687000000000001,0.9666666666666667
14.375,1.0666666666666667
14.363333333333333,1.1666666666666667
14.485999999999999,1.2666666666666666
14.777000000000003,1.3666666666666667
15.013333333333334,1.4666666666666666
14.751,1.1666666666666667
14.92933333333333,1.2333333333333334
15.102666666666668,0.0
15.252666666666668,0.0
15.546,0.0
15.967333333333332,0.0
15.87266666666667,0.0
16.315,0.0
16.869333333333334,0.0
17.27266666666667,0.0
17.40733333333333,0.0
17.735666666666667,0.0
17.689000000000004,0.0
17.366333333333333,0.0
17.538,0.0
17.681666666666665,0.0
17.462666666666667,0.0
16.89,0.0
16.587666666666664,0.0
16.73933333333333,0.0
16.696999999999996,0.0
16.798333333333332,0.0
16.840999999999998,0.0
16.997,0.0
17.003333333333334,0.0
16.915,0.0
16.788666666666664,0.03333333333333333
16.675666666666665,0.06666666666666667
16.493000000000002,0.1
16.226000000000003,0.13333333333333333
16.16633333333333,0.16666666666666666
15.832999999999998,0.2
15.90033333333333,0.23333333333333334
16.12066666666667,0.26666666666666666
16.252333333333336,0.3
16.162,0.3333333333333333
16.14933333333333,0.36666666666666664
16.266000000000002,0.4
15.955999999999998,0.43333333333333335
15.729333333333331,0.4666666666666667
15.829666666666666,0.5333333333333333
15.627999999999998,0.6
15.594999999999999,0.6666666666666666
15.790666666666663,0.7333333333333333
15.966,0.8
15.976,0.6666666666666666
15.230999999999996,0.7
14.988666666666665,0.7333333333333333
13.862666666666664,0.8
13.74633333333333,0.8666666666666667
13.577999999999998,0.9333333333333333
13.409666666666668,1.0
13.34066666666667,1.0666666666666667
13.399333333333333,1.1333333333333333
13.562000000000001,1.2
13.594666666666663,1.2666666666666666
13.470666666666663,0.3
13.678333333333333,0.3333333333333333
13.926333333333332,0.36666666666666664
14.299666666666667,0.4
14.448666666666666,0.43333333333333335
14.498666666666667,0.4666666666666667
14.561666666666666,0.5
14.884666666666668,0.5333333333333333
15.257666666666665,0.5666666666666667
15.603999999999996,0.6
15.737666666666671,0.6333333333333333
15.965000000000002,0.6666666666666666
16.259333333333334,0.7
16.114333333333335,0.7333333333333333
16.061,0.7666666666666667
16.075,0.8
16.016,0.8333333333333334
16.296333333333333,0.8666666666666667
16.33,0.9
16.025,0.0
16.043999999999997,0.0
16.090666666666667,0.0
16.109,0.0
15.893,0.0
15.479000000000003,0.0
15.425666666666666,0.0
15.572666666666667,0.0
15.336333333333334,0.0
15.217666666666666,0.0
15.034999999999998,0.03333333333333333
15.108,0.1
15.187999999999995,0.16666666666666666
15.12366666666667,0.23333333333333334
14.933666666666666,0.3
15.507666666666665,0.2
15.928,0.23333333333333334
15.881666666666668,0.26666666666666666
16.442333333333334,0.3
16.673,0.3333333333333333
16.651666666666664,0.36666666666666664
16.498333333333335,0.4
16.471,0.4666666666666667
16.538,0.5333333333333333
16.525666666666666,0.6333333333333333
16.426666666666666,0.7333333333333333
16.021666666666665,0.8333333333333334
15.593333333333332,0.9666666666666667
15.246333333333332,1.1
15.268666666666668,1.2333333333333334
15.40966666666667,1.3666666666666667
15.523,1.5333333333333334
15.410000000000002,1.5
15.256666666666666,1.6333333333333333
15.372333333333332,1.7666666666666666
15.794000000000002,0.0
16.031666666666663,0.0
15.850666666666665,0.0
16.483,0.0
16.714000000000002,0.0
16.990000000000002,0.0
17.299666666666667,0.0
17.652,0.0
17.732000000000003,0.0
17.671,0.0
17.71,0.0
17.714999999999996,0.0
18.160666666666668,0.0
18.410000000000004,0.0
18.145666666666664,0.0
17.616333333333333,0.0
17.288,0.0
17.396,0.0
17.663666666666664,0.0
18.15733333333333,0.0
18.715333333333334,0.0
19.236,0.0
19.587666666666667,0.0
19.615000000000002,0.0
19.570999999999994,0.0
19.331,0.0
18.848333333333336,0.0
18.97499999999999,0.0
19.067666666666664,0.0
19.070666666666664,0.0
19.062,0.0
18.81233333333334,0.0
18.441999999999997,0.0
17.944666666666667,0.0
17.545666666666666,0.0
17.170666666666666,0.0
16.802999999999997,0.0
16.80933333333333,0.0
16.889333333333333,0.0
17.019,0.0
16.80933333333333,0.0
16.999999999999996,0.0
17.108666666666668,0.06666666666666667
16.948333333333334,0.13333333333333333
16.830666666666666,0.2
16.416666666666668,0.26666666666666666
15.292666666666667,0.3333333333333333
15.324,0.4
14.964666666666664,0.5
14.838333333333335,0.6
14.725999999999999,0.7
14.31466666666667,0.8
14.19,0.9
14.064666666666664,0.8
14.027999999999999,0.8666666666666667
14.008999999999997,0.9333333333333333
14.006333333333336,1.0
13.959333333333332,1.0666666666666667
14.265666666666666,1.1333333333333333
14.582333333333331,1.2
14.875666666666666,1.2666666666666666
15.125333333333334,1.3333333333333333
15.486999999999998,1.4
15.965333333333332,1.4666666666666666
16.484333333333332,1.5333333333333334
16.854666666666667,1.6
17.14933333333333,0.8333333333333334
17.36433333333333,0.8666666666666667
17.483,0.9
17.263666666666666,0.9333333333333333
16.829333333333334,0.9666666666666667
16.822999999999997,0.0
16.771,0.0
16.700666666666667,0.0
16.910666666666664,0.0
17.147000000000002,0.0
16.975666666666665,0.0
16.69633333333333,0.0
16.54133333333333,0.0
16.44333333333333,0.0
16.263999999999996,0.0
16.37166666666667,0.0
16.331666666666667,0.0
15.804666666666666,0.0
16.005666666666663,0.0
16.23833333333333,0.0
16.232000000000003,0.0
16.00266666666667,0.03333333333333333
15.963666666666665,0.06666666666666667
15.703333333333328,0.1
15.556666666666667,0.13333333333333333
15.34966666666667,0.16666666666666666
15.041333333333334,0.23333333333333334
14.776666666666666,0.3333333333333333
14.710333333333331,0.43333333333333335
14.538999999999998,0.5666666666666667
14.500333333333336,0.7
14.40033333333333,0.8333333333333334
13.665333333333333,0.9666666666666667
13.308000000000002,1.1
12.942,1.2333333333333334
12.856,1.3666666666666667
12.576333333333334,1.5
12.061666666666667,1.6333333333333333
11.537333333333338,1.7666666666666666
11.403,1.9333333333333333
11.789,2.1
12.018666666666666,2.2666666666666666
12.504,0.13333333333333333
12.641,0.16666666666666666
13.276999999999997,0.2
13.694999999999999,0.23333333333333334
13.988333333333333,0.26666666666666666
14.461999999999998,0.3
14.81366666666667,0.3333333333333333
15.050999999999998,0.36666666666666664
15.366999999999999,0.4
15.541,0.43333333333333335
15.419666666666666,0.4666666666666667
15.182333333333336,0.5
15.373333333333331,0.5333333333333333
15.300666666666668,0.5666666666666667
15.155999999999999,0.6
15.425666666666668,0.6333333333333333
15.482999999999999,0.6666666666666666
15.280666666666665,0.7
15.365,0.7333333333333333
15.854000000000001,0.0
16.139666666666667,0.0
16.559666666666665,0.0
16.750666666666667,0.0
16.120333333333335,0.0
15.828,0.0
16.254666666666665,0.0
16.522,0.0
16.553,0.03333333333333333
16.751666666666665,0.06666666666666667
16.396333333333335,0.1
15.68933333333333,0.0
14.561333333333332,0.0
14.025666666666668,0.0
13.596333333333332,0.0
12.730333333333334,0.0
12.959,0.03333333333333333
12.926999999999998,0.06666666666666667
13.260333333333335,0.1
13.504,0.13333333333333333
13.161000000000001,0.16666666666666666
13.372666666666667,0.0
13.67633333333333,0.0
13.533333333333335,0.0
13.768666666666668,0.0
13.817333333333334,0.0
13.698666666666666,0.0
13.899666666666665,0.0
13.708333333333334,0.0
13.27066666666667,0.0
13.647333333333334,0.03333333333333333
14.093666666666666,0.06666666666666667
14.3,0.1
14.661333333333335,0.13333333333333333
15.008333333333335,0.16666666666666666
15.168,0.0
15.505333333333333,0.0
14.953333333333331,0.0
15.067,0.0
15.70333333333333,0.0
16.279,0.0
16.65666666666667,0.0
17.015,0.0
17.481333333333335,0.0
17.792333333333332,0.0
18.207666666666668,0.0
18.634666666666664,0.0
18.930999999999997,0.0
18.952,0.0
18.50066666666667,0.0
18.380999999999997,0.0
18.368666666666666,0.0
18.418999999999997,0.0
18.260666666666665,0.0
17.955000000000002,0.0
17.653666666666666,0.0
17.50133333333333,0.0
17.092000000000002,0.0
16.575,0.0
16.21933333333333,0.03333333333333333
16.37033333333333,0.0
16.377666666666663,0.0
16.083999999999996,0.03333333333333333
15.778666666666664,0.06666666666666667
15.094333333333333,0.1
15.150666666666666,0.13333333333333333
15.145333333333332,0.0
14.224333333333337,0.0
14.025000000000002,0.0
13.911666666666667,0.0
13.642333333333333,0.0
13.728666666666665,0.0
13.941666666666666,0.0
14.047333333333334,0.0
14.227,0.0
14.547666666666665,0.0
14.823666666666666,0.0
15.133333333333333,0.0
15.437999999999999,0.0
15.586999999999998,0.0
15.933333333333332,0.0
15.479666666666665,0.0
15.574666666666666,0.0
15.735333333333331,0.0
15.952666666666667,0.0
16.19066666666667,0.0
16.541,0.0
16.554666666666666,0.0
17.02,0.0
17.177666666666667,0.0
17.550666666666665,0.0
17.978999999999996,0.0
18.357333333333337,0.0
18.373666666666672,0.0
18.08466666666666,0.0
18.140666666666668,0.0
18.237333333333332,0.0
18.647333333333332,0.0
18.968999999999998,0.0
18.95133333333333,0.0
18.762666666666668,0.0
18.514,0.0
18.228666666666662,0.0
18.403333333333332,0.0
18.435000000000002,0.0
18.58,0.0
18.58833333333333,0.0
18.584666666666667,0.0
18.679333333333332,0.0
18.953,0.0
18.763666666666662,0.0
18.911000000000005,0.0
18.387999999999998,0.0
18.898666666666667,0.0
19.160999999999998,0.0
19.183,0.0
19.410000000000004,0.0
19.18233333333333,0.0
18.87566666666667,0.0
18.691666666666663,0.0
18.555333333333337,0.0
18.362666666666666,0.0
18.145333333333333,0.0
17.915333333333333,0.0
17.551333333333332,0.0
16.811666666666667,0.0
16.169999999999998,0.03333333333333333
15.657999999999998,0.0
15.457666666666665,0.0
15.314000000000002,0.0
15.383333333333335,0.0
15.47733333333333,0.0
15.350999999999997,0.0
14.71533333333333,0.0
14.811666666666666,0.0
14.901666666666666,0.0
15.032999999999998,0.0
15.219999999999997,0.0
15.626333333333331,0.0
15.877666666666666,0.0
16.11433333333333,0.0
16.41933333333333,0.0
16.07766666666667,0.03333333333333333
15.720333333333334,0.06666666666666667
15.485666666666667,0.1
15.389666666666665,0.13333333333333333
15.259999999999998,0.16666666666666666
15.802666666666665,0.2
15.546000000000001,0.23333333333333334
15.960333333333333,0.26666666666666666
16.379666666666665,0.3
16.575666666666667,0.3333333333333333
16.15266666666667,0.36666666666666664
15.254333333333332,0.4
15.271999999999998,0.43333333333333335
15.143333333333334,0.4666666666666667
15.072000000000001,0.5
15.241333333333333,0.5333333333333333
14.957333333333333,0.5666666666666667
14.727666666666666,0.6
14.730999999999998,0.6333333333333333
14.203000000000001,0.6666666666666666
13.993,0.0
13.901333333333332,0.0
13.857333333333333,0.0
13.250999999999998,0.0
13.367999999999999,0.0
13.573666666666668,0.0
13.945333333333334,0.0
14.429,0.0
14.220666666666666,0.0
14.598999999999997,0.0
15.065666666666665,0.0
15.592000000000002,0.0
16.073666666666664,0.0
16.186999999999998,0.0
15.921666666666663,0.0
15.761333333333333,0.0
14.604666666666667,0.0
14.084333333333332,0.0
13.792666666666664,0.0
13.899333333333336,0.0
14.139000000000001,0.0
14.473999999999998,0.0
14.811666666666666,0.0
14.972999999999997,0.03333333333333333
14.342333333333332,0.06666666666666667
14.175333333333333,0.1
14.088666666666665,0.13333333333333333
14.084999999999999,0.16666666666666666
13.845333333333333,0.23333333333333334
14.105333333333334,0.06666666666666667
14.132,0.1
14.357333333333335,0.13333333333333333
14.427333333333335,0.16666666666666666
14.116999999999999,0.2
14.06,0.23333333333333334
14.166000000000002,0.03333333333333333
14.434333333333337,0.06666666666666667
14.239666666666666,0.1
14.210666666666667,0.16666666666666666
14.456333333333331,0.23333333333333334
14.601666666666667,0.1
14.742,0.16666666666666666
15.014999999999999,0.23333333333333334
15.764999999999997,0.3
16.019,0.23333333333333334
16.291999999999998,0.26666666666666666
16.61866666666667,0.3
16.649666666666665,0.3333333333333333
16.576999999999998,0.36666666666666664
16.57233333333333,0.4
16.70633333333333,0.43333333333333335
16.919666666666668,0.4666666666666667
17.274333333333335,0.5
17.714666666666666,0.5333333333333333
18.127333333333333,0.5666666666666667
18.647333333333332,0.6
19.201000000000004,0.6333333333333333
19.414666666666665,0.6666666666666666
19.249999999999996,0.7
19.249666666666666,0.7333333333333333
18.848666666666663,0.7666666666666667
18.083666666666666,0.8
17.588,0.8333333333333334
17.06433333333333,0.8666666666666667
16.566666666666666,0.9
16.201666666666664,0.9333333333333333
15.790999999999997,1.0
15.510333333333332,1.0666666666666667
14.952666666666664,1.1333333333333333
14.837999999999997,1.2
15.098333333333333,1.2666666666666666
15.546999999999999,1.3666666666666667
16.027,1.4666666666666666
16.666999999999998,0.26666666666666666
17.17133333333333,0.3
17.420666666666666,0.3333333333333333
17.459999999999997,0.36666666666666664
16.81566666666667,0.4
16.811666666666667,0.43333333333333335
16.61133333333333,0.4666666666666667
16.277000000000005,0.5
16.23766666666667,0.5666666666666667
16.049333333333333,0.6333333333333333
16.496666666666666,0.7
16.727333333333334,0.7666666666666667
17.052666666666667,0.8333333333333334
17.26133333333333,0.9
17.351,0.9666666666666667
16.956,1.0333333333333334
17.105999999999998,0.3
17.28933333333333,0.3333333333333333
17.639666666666663,0.36666666666666664
17.856333333333332,0.4
17.757999999999996,0.43333333333333335
18.192000000000004,0.4666666666666667
18.569666666666663,0.5
18.690666666666672,0.5333333333333333
18.488,0.5666666666666667
18.272333333333332,0.6
17.892666666666667,0.6333333333333333
17.793,0.6666666666666666
17.602999999999998,0.7
17.240666666666666,0.7666666666666667
16.782666666666664,0.8333333333333334
15.978000000000002,0.9
15.866999999999999,1.0
15.915999999999999,1.1
16.029,1.2
16.339000000000002,0.13333333333333333
16.783,0.03333333333333333
16.992,0.06666666666666667
17.259,0.0
17.604666666666667,0.0
17.935999999999996,0.0
17.801333333333336,0.0
17.162666666666667,0.0
16.61,0.0
15.84,0.0
14.761,0.0
14.449333333333334,0.0
14.32033333333333,0.0
14.502333333333333,0.0
15.045666666666666,0.0
15.576666666666664,0.0
16.083333333333332,0.0
16.448666666666664,0.0
16.573,0.0
16.08,0.0
15.366666666666667,0.0
14.744333333333334,0.0
14.35233333333333,0.0
14.219333333333331,0.03333333333333333
14.277333333333333,0.06666666666666667
14.356666666666664,0.1
14.408666666666667,0.13333333333333333
14.328333333333331,0.0
14.580666666666666,0.0
15.149999999999999,0.0
14.616666666666667,0.0
14.949666666666666,0.03333333333333333
15.283333333333333,0.0
15.700999999999999,0.0
16.362,0.0
16.52633333333333,0.0
17.076999999999998,0.0
17.439666666666664,0.0
17.668999999999997,0.0
17.915999999999997,0.0
18.07266666666667,0.0
18.288666666666664,0.0
18.057666666666666,0.0
18.305666666666664,0.0
18.430666666666664,0.0
18.729333333333333,0.0
19.008999999999997,0.0
19.091666666666665,0.0
19.191666666666663,0.0
19.184666666666665,0.0
17.979666666666667,0.0
17.757,0.03333333333333333
17.975,0.06666666666666667
18.459333333333337,0.1
18.614666666666665,0.0
18.868,0.0
18.948999999999995,0.0
18.785,0.0
18.82,0.0
18.934666666666665,0.0
18.328,0.0
16.83833333333333,0.0
16.259,0.0
16.05233333333333,0.0
15.559333333333333,0.0
15.799000000000001,0.0
16.263999999999996,0.0
16.572666666666667,0.0
16.996333333333332,0.0
17.142333333333333,0.0
16.457,0.0
16.322333333333333,0.0
16.245666666666665,0.0
16.41933333333333,0.0
17.004666666666665,0.0
17.575,0.0
17.749666666666663,0.0
17.941333333333333,0.0
18.033000000000005,0.0
18.074666666666662,0.0
17.526333333333334,0.0
16.920666666666666,0.0
16.414666666666665,0.03333333333333333
15.991333333333333,0.06666666666666667
15.682333333333332,0.1
15.45,0.13333333333333333
16.216,0.2
16.451666666666668,0.26666666666666666
16.894333333333336,0.3333333333333333
17.153333333333332,0.0
17.113999999999997,0.0
17.578,0.0
17.625666666666667,0.0
17.503,0.0
17.749333333333333,0.0
17.776,0.0
17.82,0.0
17.758666666666663,0.0
17.73,0.0
17.040333333333333,0.0
17.143000000000004,0.0
17.354333333333333,0.0
17.50466666666667,0.0
17.118999999999996,0.0
17.331666666666667,0.03333333333333333
17.831333333333337,0.06666666666666667
18.127666666666666,0.1
18.41866666666666,0.13333333333333333
18.52733333333333,0.16666666666666666
18.364333333333335,0.2
17.756999999999998,0.23333333333333334
16.880666666666666,0.26666666666666666
15.981333333333332,0.3
15.145,0.0
14.55433333333333,0.0
14.328333333333331,0.03333333333333333
14.417666666666667,0.06666666666666667
14.264999999999999,0.1
14.457999999999998,0.13333333333333333
14.785666666666662,0.16666666666666666
15.018666666666665,0.2
15.041,0.23333333333333334
15.405666666666667,0.26666666666666666
15.815666666666665,0.3
15.572666666666665,0.3333333333333333
15.542,0.36666666666666664
15.453,0.4
15.093333333333335,0.43333333333333335
14.169333333333332,0.4666666666666667
13.723,0.5
11.853,0.5333333333333333
11.926333333333332,0.6333333333333333
12.319999999999999,0.7333333333333333
12.617,0.8333333333333334
11.994,0.9333333333333333
11.157333333333332,0.8666666666666667
11.904333333333334,0.9333333333333333
12.53233333333333,1.0
12.63466666666667,1.0666666666666667
12.645999999999999,1.1333333333333333
12.724666666666666,0.8666666666666667
12.799999999999999,0.9
12.747666666666667,0.9333333333333333
13.222333333333335,0.0
13.450666666666669,0.0
13.995666666666665,0.0
14.383333333333331,0.0
14.690666666666667,0.0
14.65366666666667,0.0
14.427333333333332,0.03333333333333333
14.806999999999997,0.06666666666666667
15.182666666666666,0.1
15.421000000000001,0.13333333333333333
15.90666666666667,0.16666666666666666
16.363333333333333,0.23333333333333334
16.801,0.3
16.762666666666668,0.36666666666666664
16.461333333333336,0.43333333333333335
16.236,0.5
16.05366666666667,0.36666666666666664
15.613333333333332,0.4
15.374666666666663,0.43333333333333335
15.485333333333333,0.4666666666666667
15.716333333333335,0.5
15.722000000000001,0.5333333333333333
15.527666666666669,0.5666666666666667
15.23,0.6
15.118,0.6333333333333333
15.046000000000001,0.6666666666666666
14.639666666666667,0.7
14.626999999999997,0.7666666666666667
14.862666666666666,0.8666666666666667
14.873666666666667,0.9666666666666667
14.86533333333333,1.0666666666666667
14.975999999999999,1.1666666666666667
15.147333333333332,1.2666666666666666
15.174333333333333,1.3666666666666667
15.092333333333334,1.4666666666666666
15.089333333333332,1.5666666666666667
14.83933333333333,1.6666666666666667
14.40933333333333,1.7666666666666666
14.031666666666665,1.8666666666666667
14.045666666666666,1.9666666666666666
14.26366666666667,2.066666666666667
14.850333333333333,0.9666666666666667
15.466666666666667,1.0333333333333334
15.876666666666665,1.1
16.009,1.1666666666666667
16.165333333333336,1.2333333333333334
16.316333333333336,1.3
16.558666666666667,1.3666666666666667
16.696666666666665,1.4333333333333333
17.043333333333333,1.5
17.360000000000003,1.5666666666666667
17.573333333333334,1.6333333333333333
17.750000000000004,1.7
17.982000000000003,1.7666666666666666
18.24233333333333,1.8333333333333333
18.081000000000003,1.9
18.27566666666667,1.9666666666666666
18.509333333333338,1.0
18.72633333333333,0.0
18.603333333333335,0.0
18.809000000000005,0.0
18.891333333333332,0.0
18.892,0.0
18.911999999999995,0.0
18.901333333333334,0.0
19.027000000000005,0.0
18.724,0.0
18.621000000000002,0.0
18.29233333333333,0.0
18.297666666666668,0.0
18.14766666666667,0.0
17.941,0.0
17.784333333333333,0.0
17.712333333333333,0.0
17.56766666666667,0.0
17.91633333333333,0.0
17.71833333333333,0.0
17.637333333333334,0.03333333333333333
17.489666666666665,0.0
17.727000000000007,0.0
18.052000000000003,0.0
18.175333333333334,0.0
18.176333333333336,0.0
18.344333333333335,0.0
18.256666666666668,0.0
18.16433333333334,0.0
17.928333333333335,0.0
17.694999999999997,0.0
17.77566666666667,0.0
17.628999999999998,0.0
17.55,0.0
17.355666666666668,0.03333333333333333
17.12933333333333,0.06666666666666667
17.023333333333333,0.1
17.226666666666667,0.16666666666666666
17.243,0.23333333333333334
17.092333333333332,0.3
16.999666666666666,0.36666666666666664
17.211000000000002,0.43333333333333335
17.464333333333332,0.5
17.763666666666662,0.5666666666666667
17.749666666666663,0.36666666666666664
17.528666666666666,0.4
17.142999999999997,0.43333333333333335
16.834666666666667,0.4666666666666667
16.66133333333333,0.5
16.55633333333333,0.5333333333333333
16.31066666666667,0.5666666666666667
16.318,0.6
15.931000000000003,0.6333333333333333
15.789666666666667,0.6666666666666666
15.663,0.0
15.103666666666665,0.0
14.759666666666666,0.0
15.198,0.0
15.461333333333334,0.0
15.882333333333337,0.0
16.352,0.0
16.532333333333334,0.0
16.70633333333333,0.0
16.963,0.0
17.252666666666666,0.03333333333333333
17.545666666666662,0.06666666666666667
17.407666666666668,0.1
17.651000000000003,0.13333333333333333
17.86733333333333,0.16666666666666666
18.134000000000004,0.2
18.057999999999996,0.23333333333333334
18.389,0.26666666666666666
18.43566666666667,0.3
18.500999999999998,0.3333333333333333
18.414333333333335,0.4
18.45433333333333,0.4666666666666667
18.426,0.5333333333333333
17.934000000000005,0.6
17.241,0.6666666666666666
16.427666666666667,0.7666666666666667
15.870000000000001,0.8666666666666667
15.067,0.9666666666666667
14.832333333333331,1.0666666666666667
14.613,1.1666666666666667
14.443333333333337,1.2666666666666666
14.210333333333335,1.3666666666666667
14.207333333333336,1.4666666666666666
14.133000000000003,1.5666666666666667
14.176999999999998,1.7333333333333334
13.81866666666667,1.9
13.660000000000002,2.066666666666667
13.548333333333334,2.2333333333333334
12.877333333333333,0.8333333333333334
13.314999999999998,0.7666666666666667
13.580999999999998,0.8666666666666667
12.754333333333337,0.9666666666666667
12.43266666666667,1.1
12.251999999999999,1.0666666666666667
12.355333333333332,1.2333333333333334
12.811666666666666,1.2666666666666666
13.181333333333335,1.2666666666666666
13.575000000000001,1.2666666666666666
13.998666666666669,1.3666666666666667
14.407000000000002,1.5
14.873666666666667,1.6333333333333333
15.386666666666667,1.7666666666666666
15.867333333333335,1.9
15.620000000000003,2.033333333333333
15.984666666666666,0.4666666666666667
16.479333333333333,0.23333333333333334
16.70366666666667,0.26666666666666666
16.197,0.3
16.158,0.3333333333333333
16.043999999999997,0.36666666666666664
16.238,0.4
16.373333333333335,0.43333333333333335
16.644999999999996,0.4666666666666667
16.804666666666666,0.5
16.511000000000003,0.5333333333333333
16.519666666666666,0.5666666666666667
16.596333333333334,0.6
16.947333333333333,0.6333333333333333
17.26533333333333,0.6666666666666666
17.740333333333336,0.7
17.804333333333332,0.7333333333333333
17.683,0.7666666666666667
17.473,0.8
17.475666666666665,0.8333333333333334
17.438333333333333,0.8666666666666667
17.40233333333333,0.9
17.430333333333333,0.9333333333333333
17.709,0.9666666666666667
18.013333333333332,1.0333333333333334
18.25433333333333,1.1
18.14666666666666,1.1666666666666667
18.041333333333334,1.2333333333333334
17.85533333333333,1.3
17.409,1.3666666666666667
16.755000000000003,1.4666666666666666
16.080333333333332,1.5666666666666667
15.597999999999997,1.6666666666666667
15.190333333333331,1.7666666666666666
14.978333333333333,1.8666666666666667
15.511666666666667,1.9666666666666666
15.010666666666664,2.066666666666667
15.015666666666666,2.1666666666666665
14.968333333333332,2.2666666666666666
14.532333333333334,2.3666666666666667
13.458999999999998,0.9333333333333333
13.54833333333333,1.0
13.75933333333333,1.1
13.884333333333332,1.2
14.131333333333334,1.3
14.228999999999997,1.4
14.331666666666667,1.5333333333333334
14.476666666666663,1.6666666666666667
14.646333333333331,1.8
14.97733333333333,1.9333333333333333
15.201333333333332,2.066666666666667
15.553666666666663,2.2
15.818666666666664,2.3333333333333335
15.805333333333328,2.466666666666667
15.586999999999998,2.6
15.914666666666664,2.2666666666666666
16.247999999999998,0.9
16.566666666666666,0.0
16.465333333333334,0.0
17.035999999999998,0.0
17.541,0.0
17.889,0.0
18.14833333333333,0.0
17.428666666666665,0.0
17.843666666666664,0.0
18.322,0.0
18.70866666666667,0.0
19.09533333333333,0.0
19.53033333333333,0.0
19.783666666666665,0.0
19.95633333333333,0.0
20.082,0.0
20.169666666666664,0.0
20.257,0.0
20.452666666666666,0.0
20.687,0.0
20.80366666666667,0.0
20.84166666666666,0.0
20.852,0.0
20.55733333333333,0.0
20.184666666666665,0.0
19.785333333333334,0.0
18.97433333333333,0.0
18.45966666666667,0.0
17.741333333333333,0.0
16.93,0.03333333333333333
16.495333333333335,0.06666666666666667
16.127666666666666,0.1
15.757666666666669,0.13333333333333333
14.982333333333333,0.16666666666666666
14.702333333333335,0.2
14.787666666666665,0.26666666666666666
14.739333333333331,0.3333333333333333
14.975,0.4
14.247999999999998,0.4666666666666667
14.666333333333332,0.5333333333333333
15.086333333333329,0.6
15.433666666666666,0.6666666666666666
15.780333333333335,0.7333333333333333
16.076999999999998,0.8
16.173333333333332,0.8666666666666667
16.010666666666665,0.9333333333333333
16.01066666666667,1.0
16.102666666666668,1.0666666666666667
16.282,1.1333333333333333
16.509666666666668,1.2333333333333334
16.929666666666666,1.2666666666666666
17.216,1.3333333333333333
17.527666666666665,1.4
16.678666666666665,1.4666666666666666
16.899666666666665,0.0
16.89333333333333,0.0
16.639000000000003,0.0
16.512333333333334,0.0
16.381,0.0
16.497666666666667,0.0
16.746,0.0
17.002666666666666,0.0
17.328333333333333,0.0
17.713333333333335,0.0
17.776666666666667,0.0
18.23333333333334,0.0
18.424999999999997,0.0
18.468333333333337,0.0
18.365666666666662,0.0
18.012333333333334,0.0
17.757333333333335,0.0
17.449999999999996,0.03333333333333333
17.526666666666664,0.06666666666666667
17.359666666666666,0.1
17.238333333333333,0.13333333333333333
17.266666666666666,0.16666666666666666
17.636,0.2
17.849,0.23333333333333334
17.96033333333333,0.26666666666666666
17.659666666666666,0.3
17.766666666666666,0.3333333333333333
18.027666666666665,0.36666666666666664
18.115,0.4
17.941666666666663,0.43333333333333335
17.963,0.4666666666666667
17.666999999999994,0.5
17.645666666666667,0.5333333333333333
17.64266666666667,0.5666666666666667
17.665333333333333,0.6
17.773000000000003,0.6333333333333333
17.726,0.6666666666666666
17.725,0.7
17.518666666666665,0.0
17.259999999999998,0.0
17.264,0.0
17.303999999999995,0.0
17.227,0.03333333333333333
16.936333333333334,0.06666666666666667
16.475,0.1
16.404999999999998,0.13333333333333333
15.85233333333333,0.16666666666666666
15.494333333333332,0.2
15.971666666666666,0.23333333333333334
16.491666666666664,0.26666666666666666
16.900666666666666,0.3
17.14333333333333,0.3333333333333333
17.35,0.36666666666666664
17.396333333333335,0.4
17.217666666666666,0.43333333333333335
17.466000000000005,0.4666666666666667
17.96633333333333,0.5
18.46,0.5333333333333333
18.805,0.5666666666666667
18.74566666666667,0.6
18.996333333333336,0.6333333333333333
19.135666666666665,0.6666666666666666
19.01,0.7
18.640333333333334,0.7333333333333333
18.149666666666672,0.7666666666666667
17.803,0.8
17.678333333333335,0.8333333333333334
17.25433333333333,0.8666666666666667
17.029999999999998,0.9
16.485,0.9333333333333333
15.897666666666662,0.9666666666666667
15.537999999999995,1.0
15.475,1.0333333333333334
15.615333333333334,0.0
15.468,0.0
15.545,0.0
15.803999999999998,0.0
15.803333333333333,0.0
15.542333333333335,0.0
15.736999999999998,0.0
16.136333333333337,0.0
16.476000000000003,0.0
16.797,0.0
17.052666666666667,0.0
17.245,0.0
17.499000000000002,0.0
17.608,0.0
17.627000000000002,0.0
17.714333333333336,0.0
17.768333333333334,0.0
17.648,0.0
17.769333333333336,0.0
17.550333333333338,0.0
16.754,0.0
16.439999999999998,0.0
16.382333333333335,0.0
16.325000000000003,0.0
15.382333333333332,0.0
15.789666666666665,0.0
16.270999999999997,0.0
16.052333333333333,0.0
16.29666666666667,0.0
16.200666666666667,0.0
16.062666666666665,0.0
15.819666666666667,0.0
16.075666666666667,0.0
16.230000000000004,0.0
16.369000000000003,0.0
16.646,0.0
16.752333333333336,0.0
16.246000000000002,0.0
16.150666666666666,0.0
15.738,0.0
15.229333333333335,0.0
14.940999999999999,0.0
14.845666666666666,0.0
14.340666666666666,0.0
14.466666666666667,0.0
14.754666666666667,0.0
14.921,0.03333333333333333
15.313999999999998,0.06666666666666667
15.476999999999999,0.1
15.76966666666667,0.13333333333333333
16.040666666666667,0.16666666666666666
16.021,0.2
16.442,0.23333333333333334
16.755666666666666,0.26666666666666666
16.459666666666667,0.3
16.377,0.3333333333333333
16.237666666666666,0.36666666666666664
15.779,0.4
15.186,0.43333333333333335
15.164333333333333,0.4666666666666667
15.270999999999999,0.5
15.321333333333333,0.5333333333333333
14.414333333333335,0.5666666666666667
14.269000000000002,0.6
14.34333333333333,0.6333333333333333
14.193666666666665,0.7
14.127999999999998,0.7666666666666667
13.997666666666667,0.8333333333333334
13.929666666666668,0.9
14.189333333333332,0.9666666666666667
14.159333333333333,1.0333333333333334
14.325333333333333,1.1
14.471333333333336,1.1666666666666667
14.420000000000003,1.2333333333333334
14.708666666666666,1.3
14.921666666666663,1.3666666666666667
15.061,0.4
14.678666666666667,0.43333333333333335
14.855666666666668,0.4666666666666667
15.043,0.5
15.150666666666666,0.5333333333333333
14.984666666666666,0.5666666666666667
14.894666666666666,0.6
15.110999999999999,0.6333333333333333
15.194999999999997,0.6666666666666666
15.284333333333333,0.7
15.380333333333331,0.7333333333333333
15.61533333333333,0.7666666666666667
15.842999999999998,0.8
15.913,0.8333333333333334
15.368333333333332,0.8666666666666667
14.834,0.9
14.563666666666668,0.0
14.366000000000001,0.0
14.554333333333334,0.0
14.81733333333333,0.0
15.140666666666666,0.0
15.205333333333332,0.0
15.29,0.0
15.009333333333334,0.0
14.731666666666666,0.03333333333333333
14.598333333333331,0.06666666666666667
14.781333333333329,0.13333333333333333
15.033666666666665,0.2
15.095999999999998,0.1
14.896333333333333,0.13333333333333333
14.561,0.0
14.312999999999999,0.0
14.08233333333333,0.0
14.098333333333334,0.0
14.136,0.0
14.460666666666665,0.0
15.4,0.0
15.677333333333332,0.0
16.096666666666668,0.0
16.40033333333333,0.0
16.50433333333333,0.0
16.117000000000004,0.0
15.811333333333332,0.0
15.856666666666666,0.0
15.863999999999999,0.0
15.821000000000002,0.0
15.647,0.0
16.002333333333333,0.0
16.02933333333333,0.0
15.831666666666669,0.0
15.855666666666668,0.0
15.975333333333333,0.0
15.497333333333335,0.0
15.761,0.0
15.888333333333332,0.0
15.874999999999998,0.0
15.425999999999998,0.0
15.789,0.0
15.83733333333333,0.0
15.866333333333335,0.0
15.618333333333336,0.0
15.689333333333332,0.0
15.927999999999999,0.0
15.95933333333333,0.0
15.970666666666666,0.0
16.218666666666667,0.0
16.455000000000002,0.0
16.677666666666667,0.0
16.990333333333332,0.0
17.448333333333334,0.0
17.69033333333333,0.03333333333333333
17.897333333333332,0.06666666666666667
17.771333333333335,0.1
17.43633333333333,0.13333333333333333
17.291999999999998,0.16666666666666666
16.82333333333333,0.2
16.559666666666665,0.23333333333333334
16.671666666666663,0.26666666666666666
16.735666666666663,0.3
16.791,0.0
16.271,0.0
15.788666666666668,0.0
15.183666666666664,0.0
15.582666666666665,0.0
15.80066666666667,0.0
15.808333333333335,0.0
15.911666666666665,0.0
15.873999999999997,0.03333333333333333
15.552333333333332,0.06666666666666667
15.178,0.1
15.476333333333333,0.13333333333333333
14.238333333333337,0.16666666666666666
13.849666666666666,0.2
13.193333333333332,0.23333333333333334
12.854333333333331,0.26666666666666666
12.702,0.36666666666666664
12.745666666666667,0.4666666666666667
13.072666666666665,0.2
13.45333333333333,0.26666666666666666
13.969666666666663,0.3333333333333333
14.536999999999999,0.4
14.511666666666668,0.4666666666666667
14.680333333333332,0.5333333333333333
15.078666666666665,0.6
15.30166666666667,0.6666666666666666
15.643333333333334,0.7333333333333333
15.981333333333332,0.8
16.308,0.8666666666666667
16.649666666666665,0.9333333333333333
17.113333333333333,1.0
17.314000000000004,1.0666666666666667
17.398,0.5666666666666667
17.68933333333333,0.6
18.002666666666666,0.6333333333333333
18.321333333333335,0.6666666666666666
18.82,0.7
19.221999999999998,0.7333333333333333
19.392999999999997,0.7666666666666667
18.88633333333333,0.8
18.827000000000005,0.8333333333333334
18.127666666666666,0.8666666666666667
17.99566666666667,0.9
17.456333333333337,0.9333333333333333
17.113333333333333,1.0
16.851,1.0666666666666667
17.059666666666665,1.1333333333333333
17.069666666666667,1.2
17.26966666666667,0.0
17.534,0.0
17.986333333333334,0.0
18.185333333333332,0.0
18.18933333333333,0.0
18.16433333333333,0.0
17.988666666666667,0.0
17.612000000000002,0.0
17.56533333333333,0.0
17.50066666666667,0.03333333333333333
17.452,0.06666666666666667
17.611333333333334,0.1
17.973333333333333,0.13333333333333333
18.240666666666662,0.16666666666666666
18.492666666666665,0.2
18.457666666666665,0.23333333333333334
18.284333333333333,0.26666666666666666
18.107666666666663,0.3
17.950333333333333,0.3333333333333333
17.609333333333332,0.36666666666666664
17.471,0.4
16.651,0.43333333333333335
16.487333333333332,0.4666666666666667
16.147,0.5
15.994666666666667,0.5333333333333333
16.06533333333333,0.5666666666666667
16.29033333333333,0.6333333333333333
16.592,0.7
16.812333333333335,0.7666666666666667
16.841,0.8333333333333334
17.068666666666665,0.7333333333333333
16.868000000000002,0.7666666666666667
16.54733333333333,0.8
16.473333333333333,0.8333333333333334
16.358333333333334,0.8666666666666667
15.992666666666668,0.9333333333333333
15.698,0.9333333333333333
15.33433333333333,0.9666666666666667
15.098,0.0
15.471333333333336,0.0
15.744666666666667,0.0
16.234333333333332,0.0
16.408666666666665,0.0
17.101333333333336,0.0
17.360333333333333,0.0
17.705,0.0
18.08233333333333,0.0
18.355999999999995,0.0
18.447999999999997,0.0
18.54733333333333,0.0
18.345666666666666,0.0
17.944,0.0
17.459000000000003,0.0
17.095666666666666,0.0
16.918333333333337,0.0
16.774,0.0
16.413999999999998,0.0
16.073666666666668,0.0
16.192999999999998,0.0
16.05933333333333,0.0
16.846999999999998,0.0
17.408333333333335,0.0
17.220000000000002,0.0
17.197333333333336,0.0
17.671666666666667,0.0
18.240666666666666,0.0
18.745999999999995,0.0
19.171666666666667,0.0
19.392333333333333,0.0
19.639333333333337,0.0
19.430666666666664,0.0
19.22666666666667,0.0
19.01233333333333,0.0
18.615333333333336,0.0
18.345333333333333,0.0
18.214999999999996,0.0
18.36766666666667,0.0
18.60866666666667,0.0
18.24964285714286,0.0
18.32392857142857,0.0
18.494814814814813,0.0
18.44769230769231,0.0
17.81923076923077,0.0
17.02692307692308,0.0
16.505,0.0
16.201538461538462,0.0
16.11846153846154,0.0
16.13923076923077,0.0
16.61769230769231,0.0
17.037307692307692,0.0
17.32346153846154,0.0
17.113846153846154,0.0
17.202692307692306,0.0
17.537692307692307,0.0
17.942692307692308,0.0
18.342,0.0
18.758333333333336,0.0
18.525000000000002,0.041666666666666664
18.59166666666667,0.08333333333333333
18.709166666666665,0.125
18.627083333333335,0.16666666666666666
18.16375,0.20833333333333334
17.657083333333333,0.25
17.72375,0.2916666666666667
17.69,0.3333333333333333
17.31625,0.375
16.984583333333333,0.4166666666666667
17.02958333333333,0.4583333333333333
17.044583333333332,0.0
17.162916666666668,0.0
17.156666666666666,0.0
16.81,0.0
16.686521739130434,0.0
16.837727272727275,0.0
17.093636363636364,0.0
17.335714285714282,0.0
17.485238095238092,0.0
17.294999999999998,0.0
17.201999999999998,0.0
16.802500000000002,0.0
16.585,0.0
16.4515,0.0
16.4835,0.0
16.543499999999995,0.0
17.069500000000005,0.0
17.478,0.0
18.244,0.0
18.743000000000002,0.0
19.38315789473684,0.0
19.159473684210525,0.0
18.984210526315792,0.0
18.87631578947369,0.0
18.87842105263158,0.0
19.033157894736842,0.0
19.002105263157897,0.0
19.31789473684211,0.0
19.31368421052632,0.0
18.942105263157895,0.0
18.668421052631583,0.0
18.783157894736842,0.0
18.700000000000003,0.0
18.375263157894736,0.0
17.71,0.0
18.25611111111111,0.0
17.93444444444445,0.0
17.73555555555556,0.0
17.757777777777775,0.0
17.75222222222222,0.0
17.462777777777777,0.0
17.14235294117647,0.0
17.984666666666666,0.0
17.708000000000002,0.0
17.545333333333335,0.0
17.128666666666668,0.0
16.96933333333333,0.0
16.836000000000002,0.0
17.406428571428574,0.0
17.528571428571432,0.0
17.65461538461539,0.0
17.493846153846157,0.0
17.767692307692307,0.0
17.334166666666665,0.0
17.8,0.0
18.148333333333333,0.0
18.036666666666665,0.0
17.336666666666666,0.0
16.50166666666667,0.0
15.186363636363636,0.0
14.878181818181817,0.0
15.06,0.0
15.390909090909089,0.0
15.885,0.0
16.517777777777777,0.0
17.552500000000002,0.0
18.127499999999998,0.0
18.5775,0.0
18.9075,0.0
20.744285714285716,0.0
20.91571428571429,0.0
21.087142857142858,0.0
21.25857142857143,0.0
21.43,0.0
21.52,0.0
21.12,0.0
21.204285714285714,0.0
21.375714285714285,0.0
21.71857142857143,0.0
21.592857142857145,0.0
21.364285714285717,0.0
21.135714285714283,0.0
20.375714285714285,0.0
19.277142857142856,0.0
18.22857142857143,0.0
17.65714285714286,0.0
17.757142857142856,0.14285714285714285
17.928571428571427,0.2857142857142857
17.521428571428572,0.42857142857142855
17.900000000000002,0.6666666666666666
15.385,0.8333333333333334
13.585,1.0
11.785000000000002,1.1666666666666667
10.651666666666666,1.3333333333333333
10.692000000000002,1.8
10.371999999999998,2.0
10.052,2.2
10.4,2.6
10.856,3.0
11.096,3.4
11.336,3.8
11.576,4.2
11.815999999999999,4.6
12.056000000000001,5.0
12.296000000000001,5.4
12.536000000000001,5.8
12.776,6.2
13.016,6.6
13.256,7.0
13.976000000000003,0.0
14.696000000000002,0.0
15.330000000000002,0.0
15.809999999999999,0.0
16.29,0.0
16.770000000000003,0.0
17.25,0.0
17.73,0.0
18.21,0.0
18.69,0.0
19.17,0.0
19.65,0.0
20.130000000000003,0.0
22.29,0.0
22.622500000000002,0.0
22.222500000000004,0.0
21.822499999999998,0.0
20.675000000000004,0.0
20.182499999999997,0.0
20.44,0.0
21.64,0.0
22.78,0.0
23.68,0.0
24.07,0.0
24.37,0.0
24.67,0.0
23.82,0.0
22.16,0.0
20.75,0.0
18.75,0.0
17.05,0.0
16.18,0.0
15.48,0.0
14.780000000000001,0.0
15.68,0.0
15.7475,0.0
14.9925,0.0
13.2925,0.0
11.5925,0.0
11.192499999999999,0.0
9.393333333333333,0.0
10.593333333333334,0.0
11.793333333333331,0.0
12.993333333333334,0.0
13.976666666666667,0.0
13.436666666666667,0.0
12.503333333333332,0.0
11.57,0.0
11.97,0.0
12.770000000000001,0.0
13.57,0.0
14.37,0.0
15.81,0.0
17.01,0.0
18.21,0.0
19.41,0.0
20.61,0.0
21.810000000000002,0.0
23.009999999999998,0.0
24.21,0.0
25.075000000000003,0.0
25.675,0.0
26.275,0.0
26.875,0.0
27.475,0.0
27.78,0.0
27.78,0.0
27.78,0.0
27.78,0.0
27.78,0.0
27.78,0.0
27.005000000000003,0.0
25.005000000000003,0.0
23.005000000000003,0.0
21.005000000000003,0.0
19.005000000000003,0.0
17.005000000000003,0.0
17.005000000000003,0.0
16.005000000000003,0.0
16.605,0.0
17.205000000000002,0.0
17.805,0.0
18.405,0.0
19.005000000000003,0.0
19.605,0.0
20.205000000000002,0.0
20.805,0.0
21.405,0.0
21.605,0.0
19.605,0.0
17.605,0.0
16.545,0.0
16.545,0.0
17.145,0.0
17.745,0.0
18.345,0.0
18.945,0.0
19.545,0.0
20.075,0.0
18.075,0.0
16.075,0.0
16.675,0.0
17.275,0.0
17.875,0.0
18.475,0.0
19.075,0.0
17.855,0.0
15.855,0.0
15.715,0.0
15.715,0.0
16.315,0.0
16.915,0.0
17.515,0.0
18.115000000000002,0.0
27.78,0.0
27.78,0.0
27.78,0.0
27.78,0.0
27.78,0.0
27.78,0.0
27.78,0.0
27.78,0.0
27.78,0.0
27.78,0.0
27.78,0.0
27.78,0.0
24.79,0.0
24.42,0.0
25.62,0.0
25.61,0.0
21.61,0.0
17.61,0.0
13.61,0.0
9.61,0.0
5.61,0.0
6.81,0.0
8.01,0.0
9.21,0.0
10.41,0.0
11.61,0.0
12.81,0.0
13.89,0.0
13.89,0.0
12.59,0.0
8.59,0.0
6.13,0.0
6.13,0.0
7.33,0.0
8.53,0.0
9.73,0.0
10.93,0.0
9.05,0.0
5.05,0.0
6.25,0.0
7.45,0.0
8.65,0.0
9.85,0.0
11.05,0.0
12.25,0.0
13.45,0.0
13.89,0.0
12.13,0.0
8.13,0.0
8.19,0.0
8.19,0.0
